HeapFree [us];PrivateMemorySize [MB]
1.2;158
0.4;158
0.3;158
0.2;158
0.3;158
0;158
0.1;158
0.1;158
0.1;158
0.1;158
0;158
0.1;158
0.1;158
0;158
0.1;158
0.1;158
0.1;158
0.1;158
0.1;158
0.1;158
0;158
0.1;158
0.1;158
0.1;158
0.1;158
0.1;158
0.1;158
0;158
0;158
0.1;158
0.1;158
0.1;158
0.1;158
0.1;158
0.1;158
0;158
0.1;158
0.2;158
0.4;158
0.3;158
0.2;158
0.2;158
0.1;158
0.1;158
0.1;158
0.2;158
0.1;158
0.1;158
0;158
0.1;158
0.1;158
0.1;158
0.3;158
0.2;158
0.2;158
0.1;158
0.1;158
0;158
0.1;158
0.1;158
0.1;158
0.1;158
0.1;158
0;158
0.1;158
0.1;158
0.2;158
0.1;158
0.1;158
0.1;158
0.3;158
0.2;158
0.2;158
0.1;158
0.1;158
0.1;158
0.1;158
0.1;158
0.1;158
0.1;158
0.1;158
0.1;158
0;158
0.1;158
0.1;158
0.1;158
0;158
0.1;158
0.1;158
0.2;158
0.3;158
0.2;158
0.2;158
0.2;158
0.1;158
0.1;158
0.1;158
0.1;158
0.1;158
0.1;158
0;158
0.1;158
0.1;158
0.1;158
0.1;158
0.1;158
0.1;158
0.1;158
0.1;158
0.1;158
0.1;158
0.1;158
0.2;158
0.1;158
0.1;158
0;158
0.1;158
0.1;158
0.1;158
0.1;158
0.1;158
0.1;158
0;158
0.1;158
0.1;158
0.1;158
0.1;158
0.3;158
0.2;158
0.2;158
0.2;158
0.1;158
0;158
0.1;158
0.1;158
0.1;158
0.1;158
0;158
0.1;158
0.1;158
0.1;158
0.1;158
0.1;158
0.2;158
0.1;158
0.1;158
0.1;158
0.1;158
0.1;158
0.1;158
0.1;158
0.1;158
0.1;158
0.1;158
0.1;158
0.1;158
0.1;158
0.1;158
0.1;158
0.3;158
0.2;158
0.2;158
0.1;158
0.1;158
0.1;158
0.1;158
0.3;158
0.1;158
0.2;158
0.1;158
0.1;158
0.1;158
0.1;158
0.1;158
0;158
0.1;158
0.1;158
0.1;158
0.1;158
0.1;158
0.1;158
0.1;158
0.1;158
0.1;158
0.1;158
0.2;158
0.2;158
0.1;158
0.1;158
0.1;158
0.1;158
0;158
0.1;158
0.1;158
0.1;158
0.1;158
0.1;158
0.1;158
0.1;158
0.1;158
0.1;158
0.2;158
0.1;158
0.1;158
0.1;158
0.1;158
0;158
0.1;158
0.1;158
0.1;158
0.1;158
0;158
0;158
0.1;158
0.1;158
0.1;158
0.1;158
0.3;158
0.3;158
0.2;158
0.1;158
0.1;158
0.1;158
0.1;158
0;158
0.1;158
0.1;158
0.1;158
0.1;158
0.1;158
0.1;158
0.1;158
0.1;158
0.2;158
0;158
0.1;158
0.1;158
0.1;158
0.1;158
0.1;158
0.1;158
0.1;158
0.1;158
0.1;158
0.2;158
0.1;158
0.1;158
0.1;158
0.1;158
0.1;158
0.2;158
0.1;158
0.1;158
0;158
0.1;158
0.2;158
0.1;158
0.2;158
0.1;158
0.2;158
0.1;158
0.1;158
0.1;158
0.1;158
0.1;158
0.1;158
0.1;158
0.1;158
0.1;158
0.1;158
0.1;158
0.2;158
0.2;158
0.3;158
0.3;158
0.2;158
0.2;158
0.2;158
0.4;158
0.2;158
0.2;158
0.1;158
0.1;158
0.1;158
0.1;158
0.1;158
0.1;158
0.1;158
0.1;158
0.1;158
0;158
0.1;158
0.1;158
0.1;158
0.1;158
0;158
0.1;158
0.1;158
0.1;158
0.3;158
0.3;158
0.5;158
0.2;158
0.1;158
0.1;158
0.1;158
0.1;158
0.1;158
0.1;158
0.1;158
0;158
0.1;158
0.1;158
0.1;158
0.1;158
0.1;158
0.1;158
0.1;158
0.1;158
0.2;158
0.1;158
0.2;158
0.1;158
0.2;158
0.1;158
0.1;158
0.1;158
0.1;158
0.1;158
0.1;158
0.1;158
0.1;158
0.1;158
0.1;158
0.2;158
0.1;158
0.1;158
0.1;158
0.1;158
0.2;158
0.1;158
0.1;158
0.1;158
0.2;158
0.1;158
0.1;158
0.1;158
0.1;158
0.1;158
0.1;158
0.1;158
0.1;158
0.2;158
0.2;158
0.3;158
0.1;158
0.1;158
0.1;158
0.1;158
0.1;158
0.1;158
0.1;158
0.1;158
0.1;158
0.1;158
0.1;158
0.1;158
0.1;158
0.1;158
0.1;158
0.2;158
0.1;158
0.2;158
0.1;158
0.1;158
0.1;158
0.1;158
0.2;158
0.1;158
0.1;158
0.1;158
0.1;158
0.1;158
0.1;158
0.1;158
0.1;158
0.2;158
0.1;158
0.1;158
0.1;158
0.1;158
0.1;158
0.1;158
0.2;158
0.2;158
0.2;158
0.1;158
0.1;158
0.1;158
0.1;158
0.1;158
0.1;158
0.1;158
0.1;158
0.1;158
0.1;158
0.2;158
0.1;158
0.2;158
0;158
0.1;158
0.1;158
0.1;158
0.1;158
0.1;158
0.2;158
0.1;158
0.1;158
0.1;158
0.1;158
0.1;158
0.1;158
0.1;158
0.1;158
0.1;158
0.1;158
0.1;158
0.1;158
0.2;158
0.1;158
0.1;158
0.2;158
0.1;158
0.1;158
0.1;158
0.1;158
0.1;158
0.1;158
0.1;158
0.1;158
0.2;158
0.1;158
0.1;158
0.2;158
0.1;158
0.1;158
0.2;158
0.1;158
0.1;158
0.1;158
0.1;158
0.2;158
0.1;158
0.1;158
0.1;158
0.1;158
0.2;158
0.1;158
0.1;158
0.1;158
0.1;158
0.2;158
0.1;158
0.2;158
0.1;158
0.1;158
0.1;158
0.1;158
0.1;158
0.1;158
0.1;158
0.1;158
0.1;158
0.1;158
0.1;158
0.1;158
0.1;158
0.1;158
0.1;158
0.1;158
0.2;158
0.1;158
0.2;158
0.1;158
0.2;158
0.1;158
0.1;158
0.1;158
0.1;158
0.1;158
0.1;158
0.1;158
0.1;158
0.1;158
0.1;158
0.1;158
0.1;158
0.1;158
0.1;158
0.2;158
0.1;158
66.4;157
0.2;157
0.1;157
0.1;157
0.2;157
0.1;157
0.1;157
0.1;157
0.1;157
0.1;157
0.2;157
0.1;157
0.1;157
0.1;157
0.1;157
0.1;157
0.1;157
0.2;157
0.2;157
0.2;157
0.1;157
0.1;157
0.2;157
0.1;157
0.1;157
0.1;157
0.1;157
0.1;157
0.1;157
0.1;157
0.1;157
0.1;157
0.1;157
0.1;157
0.1;157
0.2;157
0.1;157
0.1;157
0.1;157
0.1;157
0.1;157
0.1;157
0.2;157
0.1;157
0.1;157
0.2;157
0.1;157
0.1;157
0.1;157
0.2;157
0.3;157
0.2;157
0.2;157
0.1;157
0.1;157
0.1;157
0.2;157
0.1;157
0.1;157
0.1;157
0.1;157
0.1;157
0.1;157
0.1;157
0.1;157
0.1;157
0.2;157
0.1;157
0.2;157
0.1;157
0.1;157
0.1;157
0.1;157
0.1;157
0.1;157
0.1;157
0.1;157
0.2;157
0.2;157
0.1;157
0.1;157
0.1;157
0.1;157
0.1;157
0.1;157
0.1;157
0.1;157
0.2;157
264.7;147
2;148
0.1;148
0.1;148
0.1;148
0.2;148
0.2;148
0.1;148
0.1;148
0.2;148
0.1;148
0.1;148
0.1;148
0.2;148
0.2;148
0.2;148
13.2;147
0.2;147
0.1;147
0.1;147
0.1;147
0.1;147
0.1;147
0.1;147
0.2;147
0.1;147
0.1;147
0.1;147
0.1;147
0.1;147
0.1;147
0.2;147
0.1;147
0.1;147
0.2;147
0.1;147
0.1;147
0.1;147
0.2;147
0.1;147
0.1;147
0.1;147
0.1;147
0.1;147
0.1;147
0.1;147
0.1;147
0.1;147
0.1;147
0.1;147
0.1;147
0.1;147
0.1;147
0.3;147
0.1;147
0.1;147
0.2;147
0.1;147
0.1;147
0.1;147
0.2;147
0.2;147
0.1;147
0.2;147
0.1;147
0.1;147
0.1;147
0.2;147
0.1;147
0.1;147
36.8;146
0.2;146
0.2;146
0.2;146
0.2;146
0.2;146
0.1;146
0.1;146
0.1;146
0.1;146
0.2;146
0.1;146
0.2;146
0.1;146
0.1;146
0.1;146
0.1;146
0.1;146
0.1;146
0.2;146
0.1;146
0.1;146
0.1;146
0.1;146
0.1;146
0.1;146
0.1;146
0.1;146
0.1;146
0.1;146
0.1;146
0.1;146
0.1;146
0.1;146
0.1;146
0.2;146
0.1;146
0.1;146
0.2;146
0.2;146
0.1;146
0.1;146
0.2;146
0.1;146
0.1;146
0.1;146
0.1;146
0.1;146
0.1;146
0.1;146
0.2;146
0.9;146
0.5;146
0.2;146
0.2;146
0.2;146
0.2;146
0.1;146
0.1;146
0.2;146
0.1;146
0.1;146
0.1;146
0.1;146
0.1;146
0.1;146
0.1;146
0.1;146
0.1;146
0.1;146
0.2;146
0.1;146
0.1;146
0.1;146
0.2;146
0.1;146
0.1;146
0.1;146
0.1;146
0.1;146
0.1;146
0.1;146
0.2;146
0.1;146
0.2;146
0.1;146
0.1;146
0.1;146
0.1;146
0.1;146
0.1;146
0.1;146
0.1;146
0.1;146
0.1;146
0.2;146
0.1;146
0.1;146
0.2;146
0.1;146
0.1;146
0.2;146
0.2;146
0.2;146
0.5;146
34.5;145
0.3;145
0.2;145
0.2;145
0.2;145
0.1;145
0.1;145
0.1;145
0.2;145
0.1;145
0.1;145
0.1;145
0.1;145
0.2;145
0.1;145
0.1;145
0.1;145
0.1;145
0.2;145
0.1;145
0.1;145
0.1;145
0.1;145
0.1;145
0.2;145
0.1;145
0.1;145
0.1;145
0.1;145
0.1;145
0.1;145
0.1;145
0.1;145
0.1;145
0.1;145
0.1;145
0.1;145
0.2;145
0.1;145
0.1;145
0.1;145
0.2;145
0.1;145
0.1;145
0.2;145
0.2;145
0.1;145
0.2;145
0.3;145
0.3;145
0.2;145
0.1;145
0.2;145
0.1;145
0.1;145
0.1;145
0.1;145
0.1;145
0.1;145
0.1;145
0.1;145
0.1;145
0.1;145
0.2;145
0.1;145
0.1;145
0.2;145
0.1;145
0.1;145
0.1;145
0.1;145
0.1;145
0.2;145
0.1;145
0.1;145
0.2;145
0.1;145
0.2;145
0.1;145
0.1;145
0.1;145
0.1;145
0.2;145
0.1;145
0.1;145
0.1;145
0.1;145
0.1;145
0.1;145
0.2;145
0.1;145
0.2;145
0.1;145
0.1;145
0.1;145
0.1;145
0.1;145
0.1;145
0.1;145
0.1;145
0.1;145
0.1;145
32.8;144
0.3;144
0.2;144
0.2;144
0.3;144
0.1;144
0.1;144
0.1;144
0.1;144
0.2;144
0.1;144
0.1;144
0.1;144
0.1;144
0.1;144
0.2;144
0.1;144
0.1;144
0.2;144
0.1;144
0.3;144
0.4;144
0.3;144
0.1;144
0.1;144
0.1;144
0.1;144
0.2;144
0.1;144
0.1;144
0.2;144
0.1;144
0.1;144
0.1;144
0.1;144
0.1;144
0.1;144
0.1;144
0.1;144
0.2;144
0.2;144
0.2;144
0.1;144
0.1;144
0.2;144
0.1;144
0.1;144
0.1;144
0.2;144
0.1;144
0.1;144
0.2;144
0.1;144
0.1;144
0.2;144
0.2;144
0.1;144
0.1;144
0.2;144
0.2;144
0.1;144
0.1;144
0.1;144
0.2;144
0.1;144
0.1;144
0.1;144
0.1;144
0.2;144
0.2;144
0.1;144
0.1;144
0.1;144
0.1;144
0.2;144
32.6;143
0.2;143
0.1;143
0.1;143
0.1;143
0.1;143
0.1;143
0.1;143
0.2;143
0.1;143
0.1;143
0.1;143
0.1;143
0.1;143
0.1;143
0.1;143
0.1;143
0.1;143
0.1;143
0.1;143
0.2;143
0.2;143
0.1;143
0.1;143
0.2;143
0.1;143
0.2;143
0.1;143
0.2;143
0.1;143
0.1;143
0.1;143
0.1;143
0.1;143
0.2;143
0.1;143
0.1;143
0.2;143
0.2;143
0.1;143
0.2;143
0.1;143
0.1;143
0.2;143
0.1;143
0.1;143
0.2;143
0.1;143
0.1;143
0.1;143
0.2;143
0.2;143
0.2;143
0.2;143
0.1;143
31.3;142
0.2;142
0.1;142
0.1;142
0.1;142
0.1;142
0.2;142
0.1;142
0.1;142
0.1;142
0.1;142
0.2;142
0.1;142
0.1;142
0.1;142
0.1;142
0.2;142
0.1;142
0.2;142
0.2;142
0.1;142
0.2;142
0.2;142
0.1;142
0.1;142
0.1;142
0.1;142
0.1;142
0.2;142
0.1;142
0.1;142
0.1;142
0.1;142
0.2;142
0.2;142
0.1;142
0.1;142
0.1;142
0.2;142
0.2;142
0.2;142
0.1;142
0.1;142
0.1;142
0.2;142
0.1;142
0.1;142
0.1;142
0.2;142
0.1;142
0.1;142
0.1;142
0.1;142
0.1;142
37.7;141
0.2;141
0.2;141
0.2;141
0.2;141
0.1;141
0.1;141
0.1;141
0.1;141
0.1;141
0.1;141
0.1;141
0.2;141
0.1;141
0.2;141
0.1;141
0.1;141
0.2;141
0.1;141
0.1;141
0.2;141
0.2;141
0.1;141
0.1;141
0.2;141
0.1;141
62.9;138
1.1;139
0.1;139
0.2;139
0.1;139
0.1;139
0.2;139
0.1;139
0.1;139
0.1;139
0.1;139
0.1;139
0.2;139
0.2;139
0.2;139
0.1;139
0.1;139
0.2;139
0.2;139
0.3;139
0.2;139
0.2;139
0.1;139
0.1;139
0.1;139
0.1;139
0.1;139
0.1;139
0.2;139
0.1;139
0.2;139
0.1;139
0.1;139
0.8;139
0.2;139
0.2;139
0.1;139
0.1;139
0.1;139
0.1;139
0.1;139
0.1;139
0.1;139
0;139
0.1;139
0.1;139
0.1;139
0.1;139
0.2;139
0.1;139
0.1;139
0.1;139
0.1;139
0.2;139
0.2;139
0.1;139
0.1;139
0.2;139
0.1;139
0.1;139
0.1;139
0.1;139
0.1;139
0.1;139
0.1;139
0.1;139
0.1;139
0.2;139
0.2;139
0.1;139
0.1;139
0.2;139
0.2;139
0.1;139
0.1;139
0.2;139
0.1;139
0.1;139
0.2;139
0.1;139
0.1;139
0.2;139
0.1;139
0.1;139
0.1;139
0.1;139
0.1;139
0.1;139
31.6;138
0.2;138
0.2;138
0.1;138
0.1;138
0.1;138
0.1;138
0.1;138
0.1;138
0.1;138
0.1;138
0.1;138
0.1;138
0.1;138
0.1;138
0.1;138
0.1;138
0.1;138
0.2;138
0.1;138
0.1;138
0.2;138
0.1;138
0.1;138
0.2;138
0.1;138
0.1;138
0.1;138
0.1;138
0.1;138
0.1;138
0.2;138
0.1;138
0.1;138
0.1;138
0.1;138
0.1;138
0.2;138
0.1;138
0.2;138
0.1;138
0.1;138
0.1;138
0.2;138
0.1;138
0.1;138
0.1;138
0.1;138
0.1;138
0.1;138
0.1;138
0.1;138
0.1;138
0.1;138
0.1;138
30.9;137
0.1;137
0.1;137
0.3;137
0.1;137
0.1;137
0.2;137
0.1;137
0.1;137
0.1;137
0.1;137
0.1;137
0.2;137
0.1;137
0.2;137
0.1;137
0.1;137
0.2;137
0.1;137
0.1;137
0.1;137
0.2;137
0.1;137
0.1;137
0.1;137
0.2;137
0.1;137
0.1;137
0.2;137
0.1;137
0.1;137
0.1;137
0.1;137
0.1;137
0.2;137
0.2;137
0.1;137
0.1;137
0.2;137
0.2;137
0.1;137
0.1;137
0.1;137
0.2;137
0.1;137
0.1;137
0.1;137
0.2;137
0.2;137
0.2;137
0.2;137
0.2;137
0.2;137
0.2;137
0.2;137
33.7;136
0.1;136
0.1;136
0.2;136
0.1;136
0.1;136
0.1;136
0.1;136
0.1;136
0.1;136
0.2;136
0.1;136
0.1;136
0.1;136
0.1;136
0.3;136
0.1;136
0.1;136
0.2;136
0.1;136
0.1;136
0.1;136
0.1;136
0.1;136
0.1;136
0.2;136
0.1;136
0.1;136
0.1;136
0.1;136
0.1;136
0.1;136
0.1;136
0.2;136
0.2;136
0.1;136
0.1;136
0.2;136
0.2;136
0.1;136
0.1;136
0.1;136
0.3;136
0.1;136
0.1;136
0.1;136
0.2;136
0.2;136
0.2;136
0.2;136
0.2;136
0.2;136
0.2;136
0.2;136
31.9;135
0.2;135
0.2;135
0.2;135
0.3;135
0.2;135
0.1;135
0.2;135
0.1;135
0.1;135
0.1;135
0.2;135
0.2;135
0.3;135
0.2;135
0.2;135
0.1;135
0.2;135
0.1;135
0.1;135
0.1;135
0.1;135
0.1;135
0.1;135
0.1;135
0.1;135
0.1;135
0.1;135
0.2;135
0.2;135
0.1;135
0.1;135
0.1;135
0.1;135
0.1;135
0.1;135
0.2;135
0.1;135
0.1;135
0.2;135
0.1;135
0.1;135
0.2;135
0.1;135
0.1;135
0.2;135
1;135
0.3;135
0.2;135
0.2;135
0.1;135
0.1;135
0.1;135
0.1;135
0.1;135
0.1;135
0.1;135
0.1;135
0.1;135
0.2;135
0.1;135
0.1;135
0.1;135
0.1;135
0.1;135
0.2;135
0.1;135
0.1;135
0.1;135
0.2;135
0.1;135
0.1;135
0.1;135
0.1;135
0.1;135
0.2;135
0.1;135
0.1;135
0.1;135
0.1;135
0.1;135
0.1;135
0.1;135
0.2;135
0.2;135
0.2;135
0.1;135
0.1;135
0.1;135
0.1;135
0.2;135
0.2;135
0.2;135
0.1;135
0.1;135
0.1;135
0.1;135
0.1;135
0.2;135
0.2;135
30.6;134
0.2;134
0.2;134
0.2;134
0.2;134
0.1;134
0.2;134
0.1;134
0.1;134
0.8;134
0.5;134
0.2;134
0.2;134
0.2;134
0.2;134
0.1;134
0.1;134
0.1;134
0.1;134
0.1;134
0.2;134
0.1;134
0.2;134
0.3;134
0.2;134
0.2;134
0.1;134
0.1;134
0.1;134
0.1;134
0.2;134
0.1;134
0.2;134
0.1;134
0.1;134
0.1;134
0.2;134
0.1;134
0.1;134
0.2;134
0.2;134
0.1;134
0.1;134
0.1;134
0.2;134
0.2;134
0.1;134
0.1;134
0.2;134
0.1;134
0.1;134
0.1;134
0.1;134
0.1;134
0.1;134
0.1;134
0.1;134
0.2;134
0.2;134
0.2;134
0.2;134
0.2;134
0.2;134
0.2;134
0.2;134
0.1;134
0.1;134
0.1;134
0.1;134
0.1;134
0.1;134
0.2;134
0.2;134
0.1;134
0.1;134
0.1;134
0.1;134
32.4;133
0.1;133
0.1;133
0.1;133
0.1;133
0.1;133
0.1;133
0.1;133
0.1;133
0.1;133
0.2;133
0.1;133
0.1;133
0.2;133
0.2;133
0.1;133
0.1;133
0.2;133
0.2;133
0.1;133
0.1;133
0.1;133
0.2;133
0.1;133
0.1;133
0.1;133
0.1;133
0.1;133
68.5;130
1.2;130
0.2;130
0.2;130
0.2;130
0.2;130
0.1;130
0.2;130
0.2;130
0.1;130
0.2;130
0.2;130
0.2;130
0.1;130
0.1;130
0.1;130
0.2;130
0.2;130
0.2;130
0.2;130
0.2;130
0.2;130
0.2;130
0.1;130
0.1;130
0.1;130
20.5;129
0.2;129
0.1;129
0.2;129
0.2;129
0.2;129
0.1;129
0.1;129
0.1;129
0.1;129
0.2;129
0.1;129
0.1;129
0.1;129
0.2;129
0.1;129
0.1;129
0.2;129
0.1;129
0.1;129
0.1;129
0.1;129
0.2;129
0.2;129
0.1;129
0.1;129
0.1;129
0.1;129
0.1;129
0.2;129
0.1;129
0.1;129
0.2;129
0.1;129
0.1;129
0.1;129
0.1;129
0.1;129
0.1;129
0.1;129
0.1;129
0.2;129
0.2;129
0.1;129
0.2;129
0.2;129
0.1;129
0.2;129
0.2;129
0.2;129
0.2;129
0.2;129
0.2;129
0.2;129
0.2;129
24.4;128
0.2;128
0.1;128
0.1;128
0.1;128
0.1;128
0.1;128
0.1;128
0.1;128
0.1;128
0.2;128
0.2;128
0.2;128
0.1;128
0.1;128
0.2;128
0.1;128
0.1;128
0.1;128
0.2;128
0.2;128
0.2;128
0.2;128
0.2;128
0.1;128
0.1;128
0.1;128
0.1;128
0.2;128
0.1;128
0.1;128
0.1;128
0.2;128
0.2;128
0.2;128
0.1;128
0.1;128
0.1;128
0.1;128
0.1;128
0.1;128
0.1;128
0.1;128
0.1;128
0.2;128
0.2;128
0.2;128
0.1;128
0.1;128
0.1;128
0.2;128
0.2;128
0.2;128
0.2;128
0.2;128
22.2;127
0.2;127
0.1;127
0.2;127
0.1;127
0.1;127
0.1;127
0.1;127
0.2;127
0.1;127
0.1;127
0.2;127
0.1;127
0.1;127
0.2;127
0.1;127
0.1;127
0.1;127
0.1;127
0.2;127
0.2;127
0.2;127
0.2;127
0.2;127
0.2;127
0.2;127
0.1;127
0.1;127
0.1;127
0.2;127
0.1;127
0.1;127
0.2;127
0.2;127
0.1;127
0.1;127
0.1;127
0.1;127
0.1;127
0.1;127
0.1;127
0.1;127
0.1;127
0.1;127
0.1;127
0.1;127
0.1;127
0.1;127
0.1;127
0.2;127
0.2;127
0.2;127
0.2;127
0.1;127
0.1;127
22.2;126
0.1;126
0.1;126
0.1;126
0.2;126
0.1;126
0.1;126
0.1;126
0.1;126
0.1;126
0.1;126
0.1;126
0.2;126
0.2;126
0.1;126
0.1;126
0.2;126
0.2;126
0.1;126
0.1;126
0.1;126
0.1;126
0.1;126
0.2;126
0.2;126
0.2;126
0.1;126
0.1;126
0.1;126
0.2;126
0.1;126
0.1;126
0.1;126
0.1;126
0.2;126
0.2;126
0.2;126
0.2;126
0.2;126
0.2;126
0.2;126
0.2;126
0.2;126
0.2;126
0.2;126
0.2;126
0.2;126
0.2;126
0.2;126
0.2;126
0.2;126
0.1;126
0.1;126
0.1;126
0.1;126
24.2;125
0.2;125
0.1;125
0.1;125
0.1;125
0.1;125
0.1;125
0.1;125
0.1;125
0.1;125
0.2;125
0.1;125
0.1;125
0.2;125
0.1;125
0.1;125
0.1;125
0.2;125
0.2;125
0.2;125
0.1;125
0.1;125
0.1;125
0.1;125
0.2;125
0.2;125
0.2;125
0.1;125
0.1;125
0.1;125
0.1;125
0.2;125
0.2;125
0.2;125
0.2;125
0.2;125
0.2;125
0.2;125
0.2;125
0.2;125
0.2;125
0.2;125
0.2;125
0.2;125
0.1;125
0.1;125
0.2;125
0.2;125
0.1;125
0.2;125
0.2;125
0.2;125
0.2;125
0.2;125
0.2;125
19.8;124
0.1;124
0.1;124
0.1;124
0.1;124
0.2;124
0.1;124
0.1;124
0.1;124
0.1;124
0.2;124
0.1;124
0.1;124
0.2;124
0.1;124
0.1;124
0.1;124
0.2;124
0.2;124
0.2;124
0.1;124
0.1;124
0.1;124
0.1;124
0.2;124
0.2;124
0.2;124
0.2;124
0.2;124
0.1;124
0.1;124
0.2;124
0.2;124
0.1;124
0.2;124
0.2;124
0.2;124
0.2;124
0.3;124
0.2;124
0.2;124
0.2;124
0.2;124
0.2;124
0.2;124
0.2;124
0.2;124
0.2;124
0.2;124
0.2;124
0.2;124
0.1;124
0.1;124
0.1;124
0.1;124
25.2;123
0.1;123
0.1;123
0.1;123
0.1;123
0.2;123
0.1;123
0.2;123
0.1;123
0.1;123
0.1;123
0.1;123
0.1;123
0.2;123
0.2;123
0.1;123
0.1;123
0.1;123
0.2;123
0.1;123
0.1;123
0.1;123
0.1;123
0.1;123
0.1;123
0.3;123
0.2;123
0.1;123
0.1;123
0.1;123
0.2;123
0.1;123
0.1;123
0.1;123
0.1;123
0.1;123
0.1;123
0.1;123
0.1;123
0.1;123
0.1;123
0.1;123
0.1;123
0.1;123
0.1;123
0.1;123
0.1;123
0.2;123
0.1;123
0.2;123
0.2;123
0.2;123
0.2;123
0.1;123
0.1;123
19.8;122
0.2;122
0.2;122
0.1;122
0.2;122
0.1;122
0.1;122
0.1;122
0.1;122
0.1;122
0.1;122
0.1;122
0.1;122
0.1;122
0.2;122
0.1;122
0.1;122
8.6;122
1;122
0.1;122
0.1;122
0.1;122
0.2;122
0.2;122
0.2;122
0.2;122
0.1;122
0.1;122
0.1;122
0.1;122
0.2;122
0.1;122
0.1;122
0.1;122
0.1;122
0.2;122
0.2;122
0.2;122
0.2;122
0.2;122
0.2;122
0.2;122
0.2;122
0.2;122
0.1;122
0.1;122
0.1;122
0.1;122
0.1;122
0.1;122
0.2;122
0.1;122
0.2;122
0.2;122
0.2;122
18.5;121
0.1;121
0.1;121
0.2;121
0.1;121
0.1;121
0.1;121
0.1;121
0.2;121
0.1;121
0.1;121
0.2;121
0.1;121
0.1;121
0.1;121
0.1;121
0.1;121
0.2;121
0.2;121
0.2;121
0.1;121
0.1;121
0.1;121
0.1;121
0.1;121
0.3;121
0.2;121
0.1;121
0.1;121
0.2;121
0.1;121
0.1;121
0.2;121
0.2;121
0.2;121
0.2;121
0.2;121
0.2;121
0.2;121
0.2;121
0.2;121
0.2;121
0.1;121
0.2;121
0.1;121
0.2;121
0.1;121
0.1;121
0.1;121
0.1;121
0.1;121
0.2;121
0.2;121
0.2;121
0.1;121
20.3;120
0.2;120
0.1;120
0.1;120
0.2;120
0.1;120
0.1;120
0.1;120
0.1;120
0.2;120
0.1;120
0.1;120
0.2;120
0.2;120
0.1;120
0.1;120
0.2;120
0.1;120
0.1;120
0.1;120
0.2;120
0.2;120
0.2;120
0.2;120
0.2;120
0.2;120
0.2;120
0.1;120
0.1;120
0.2;120
0.1;120
0.1;120
0.1;120
0.1;120
0.2;120
0.2;120
0.2;120
0.2;120
0.2;120
0.2;120
0.2;120
0.2;120
0.2;120
0.2;120
0.2;120
0.2;120
0.2;120
0.2;120
0.2;120
0.2;120
0.2;120
0.2;120
0.2;120
0.1;120
25;119
0.3;119
0.2;119
0.3;119
0.2;119
0.1;119
0.2;119
0.1;119
0.1;119
0.1;119
0.1;119
0.2;119
0.1;119
0.1;119
0.1;119
0.2;119
0.2;119
0.1;119
0.1;119
0.1;119
0.1;119
0.2;119
0.2;119
0.1;119
0.1;119
0.1;119
0.2;119
0.1;119
0.1;119
0.1;119
0.1;119
0.1;119
0.1;119
0.1;119
0.1;119
0.1;119
0.1;119
0.2;119
0.2;119
0.2;119
0.2;119
0.2;119
0.2;119
0.2;119
0.2;119
0.2;119
0.1;119
0.3;119
0.3;119
0.4;119
0.2;119
0.2;119
0.2;119
0.2;119
0.1;119
0.1;119
0.2;119
0.1;119
0.2;119
0.1;119
0.1;119
0.1;119
0.1;119
0.1;119
0.2;119
0.1;119
0.1;119
0.2;119
0.2;119
0.2;119
0.2;119
0.1;119
0.1;119
0.1;119
0.1;119
0.2;119
0.1;119
0.1;119
0.2;119
0.1;119
0.1;119
0.1;119
0.1;119
0.1;119
0.1;119
0.1;119
0.2;119
0.1;119
0.2;119
0.2;119
0.1;119
0.1;119
0.1;119
0.1;119
0.1;119
0.1;119
0.2;119
0.2;119
0.2;119
0.2;119
0.2;119
0.2;119
34.7;118
0.2;118
0.1;118
0.1;118
0.1;118
0.1;118
0.1;118
0.2;118
0.1;118
0.1;118
0.2;118
0.2;118
0.1;118
0.1;118
0.1;118
0.1;118
0.2;118
0.2;118
0.1;118
0.1;118
0.1;118
0.1;118
0.1;118
0.2;118
0.2;118
0.1;118
0.1;118
0.2;118
0.1;118
0.1;118
0.2;118
0.2;118
0.1;118
0.1;118
0.2;118
0.1;118
0.1;118
0.1;118
0.1;118
0.2;118
0.2;118
0.2;118
0.2;118
0.2;118
0.2;118
0.2;118
0.2;118
0.1;118
0.2;118
0.2;118
0.2;118
0.2;118
0.2;118
0.2;118
0.1;118
32.9;117
0.1;117
0.1;117
0.2;117
0.1;117
0.1;117
0.1;117
0.1;117
0.1;117
0.1;117
0.2;117
0.1;117
0.2;117
0.2;117
0.1;117
0.1;117
0.2;117
0.1;117
0.1;117
0.2;117
0.1;117
0.2;117
0.2;117
0.2;117
0.1;117
0.1;117
0.1;117
0.2;117
0.1;117
0.2;117
0.1;117
0.1;117
0.2;117
0.2;117
0.2;117
0.2;117
0.1;117
0.1;117
0.1;117
0.2;117
0.1;117
0.2;117
0.2;117
0.2;117
0.1;117
0.2;117
0.2;117
0.2;117
0.2;117
0.2;117
0.2;117
0.1;117
0.1;117
0.2;117
0.2;117
33.4;116
0.2;116
0.1;116
0.1;116
0.1;116
0.1;116
0.1;116
0.1;116
0.1;116
0.1;116
0.2;116
0.1;116
0.1;116
0.1;116
0.1;116
0.2;116
0.1;116
0.1;116
0.2;116
0.2;116
0.1;116
0.1;116
0.2;116
0.2;116
0.2;116
0.1;116
0.1;116
0.2;116
0.1;116
0.1;116
0.2;116
0.1;116
0.1;116
0.2;116
0.2;116
0.2;116
0.2;116
0.2;116
0.2;116
0.2;116
0.2;116
0.2;116
44.5;115
1.4;115
0.1;115
0.2;115
0.2;115
0.2;115
0.2;115
0.1;115
0.2;115
0.2;115
0.2;115
0.1;115
12.2;114
0.2;114
0.2;114
0.3;114
0.2;114
0.1;114
0.1;114
0.1;114
0.2;114
0.1;114
0.2;114
0.1;114
0.1;114
0.2;114
0.1;114
0.1;114
0.1;114
0.1;114
0.1;114
0.1;114
0.2;114
0.2;114
0.1;114
0.1;114
0.1;114
0.1;114
0.1;114
0.1;114
0.1;114
0.2;114
0.1;114
0.1;114
0.2;114
0.2;114
0.2;114
0.3;114
0.2;114
0.2;114
0.2;114
0.1;114
0.2;114
0.1;114
0.1;114
0.1;114
0.2;114
0.4;114
0.2;114
0.1;114
0.1;114
0.2;114
0.1;114
0.1;114
0.1;114
0.1;114
0.2;114
0.1;114
0.1;114
0.2;114
0.1;114
0.1;114
0.2;114
0.1;114
0.1;114
0.1;114
0.2;114
0.2;114
0.2;114
0.1;114
0.1;114
0.1;114
0.1;114
0.2;114
0.1;114
0.1;114
0.1;114
0.1;114
0.1;114
0.1;114
0.2;114
0.2;114
0.2;114
0.2;114
0.2;114
0.2;114
0.2;114
0.2;114
0.2;114
0.2;114
0.2;114
0.2;114
0.2;114
0.2;114
0.2;114
0.1;114
0.2;114
0.2;114
0.2;114
0.2;114
0.2;114
30.2;113
0.2;113
0.1;113
0.1;113
0.1;113
0.1;113
0.1;113
0.1;113
0.1;113
0.2;113
0.1;113
0.1;113
0.2;113
0.1;113
0.1;113
0.1;113
0.2;113
0.1;113
0.1;113
0.1;113
0.1;113
0.1;113
0.2;113
0.2;113
0.2;113
0.1;113
0.1;113
0.1;113
0.1;113
0.2;113
0.1;113
0.1;113
0.2;113
0.2;113
0.2;113
0.1;113
0.1;113
0.1;113
0.1;113
0.1;113
0.1;113
0.2;113
0.2;113
0.2;113
0.2;113
0.2;113
0.2;113
0.1;113
0.2;113
0.2;113
0.1;113
0.2;113
0.2;113
0.2;113
0.2;113
29;112
0.2;112
0.1;112
0.1;112
0.1;112
0.1;112
0.1;112
0.1;112
0.1;112
0.1;112
0.2;112
0.1;112
0.1;112
0.1;112
0.1;112
0.2;112
0.1;112
0.1;112
0.1;112
0.2;112
0.2;112
0.2;112
0.1;112
0.1;112
0.1;112
0.1;112
0.2;112
0.1;112
0.1;112
0.1;112
0.1;112
0.1;112
0.1;112
0.2;112
0.2;112
0.2;112
0.2;112
0.2;112
0.2;112
0.1;112
0.1;112
0.1;112
0.1;112
0.1;112
0.1;112
0.2;112
0.2;112
0.2;112
0.1;112
0.2;112
0.2;112
0.1;112
0.2;112
0.2;112
0.2;112
25.6;111
0.2;111
0.1;111
0.1;111
0.1;111
0.1;111
0.1;111
0.2;111
0.1;111
0.2;111
0.1;111
0.1;111
0.1;111
0.1;111
0.1;111
0.1;111
0.2;111
0.1;111
0.1;111
0.2;111
0.2;111
0.1;111
0.1;111
0.1;111
0.2;111
0.2;111
0.1;111
0.1;111
0.2;111
0.1;111
0.1;111
0.2;111
0.2;111
0.2;111
0.2;111
0.2;111
0.2;111
0.2;111
0.1;111
0.2;111
0.2;111
0.2;111
0.2;111
0.2;111
0.1;111
0.2;111
0.2;111
0.2;111
0.2;111
0.2;111
0.2;111
0.2;111
0.1;111
0.1;111
0.2;111
30;110
0.2;110
0.2;110
0.1;110
0.1;110
0.1;110
0.1;110
0.1;110
0.1;110
0.1;110
0.1;110
0.2;110
0.1;110
0.1;110
0.2;110
0.1;110
0.1;110
0.1;110
0.1;110
0.2;110
0.2;110
0.2;110
0.1;110
0.1;110
0.1;110
0.2;110
0.2;110
0.1;110
0.1;110
0.1;110
0.2;110
0.1;110
0.1;110
0.2;110
0.2;110
0.2;110
0.2;110
0.2;110
0.2;110
0.1;110
0.2;110
0.1;110
0.1;110
0.1;110
0.2;110
0.1;110
0.1;110
0.2;110
0.2;110
0.2;110
0.2;110
0.2;110
0.2;110
0.2;110
0.2;110
25.3;109
0.2;109
0.2;109
0.2;109
0.1;109
0.1;109
0.2;109
0.1;109
0.1;109
0.1;109
0.1;109
0.1;109
0.1;109
0.2;109
0.2;109
0.1;109
0.2;109
0.2;109
0.1;109
0.1;109
0.1;109
0.1;109
0.1;109
0.1;109
0.2;109
0.1;109
0.1;109
0.1;109
0.2;109
0.1;109
0.1;109
0.1;109
0.2;109
0.2;109
0.2;109
0.2;109
0.2;109
0.2;109
0.2;109
0.1;109
0.1;109
0.1;109
0.1;109
0.1;109
0.1;109
41.1;108
1.4;109
0.2;109
0.2;109
0.2;109
0.2;109
0.2;109
0.2;109
0.1;109
11.4;108
0.2;108
0.2;108
0.2;108
0.2;108
0.1;108
0.1;108
0.1;108
0.1;108
0.2;108
0.1;108
0.1;108
0.2;108
0.1;108
0.1;108
0.3;108
0.2;108
0.1;108
0.2;108
0.2;108
0.2;108
0.2;108
0.1;108
0.1;108
0.3;108
0.2;108
0.1;108
0.1;108
0.2;108
0.1;108
0.3;108
0.3;108
0.2;108
0.1;108
0.1;108
0.1;108
0.1;108
0.1;108
0.2;108
0.1;108
0.1;108
0.1;108
0.1;108
0.2;108
0.1;108
0.1;108
0.2;108
0.1;108
0.1;108
0.2;108
0.2;108
0.1;108
0.1;108
0.1;108
0.1;108
0.2;108
0.1;108
0.1;108
0.1;108
0.1;108
0.1;108
0.1;108
0.1;108
0.2;108
0.2;108
0.2;108
0.2;108
0.2;108
0.2;108
0.2;108
0.1;108
0.2;108
0.1;108
0.2;108
0.2;108
0.2;108
0.2;108
0.1;108
0.1;108
0.2;108
0.2;108
0.2;108
0.3;108
0.2;108
30.9;107
0.2;107
0.2;107
0.2;107
0.2;107
0.2;107
0.1;107
0.1;107
0.1;107
0.1;107
0.1;107
0.1;107
0.1;107
0.2;107
0.2;107
0.2;107
0.1;107
0.1;107
0.1;107
0.2;107
0.1;107
0.1;107
0.2;107
0.1;107
0.1;107
0.1;107
0.2;107
0.1;107
0.1;107
0.1;107
0.1;107
0.2;107
0.2;107
0.2;107
0.1;107
0.1;107
0.1;107
0.1;107
0.1;107
0.1;107
0.2;107
0.1;107
0.1;107
0.2;107
0.2;107
0.2;107
0.2;107
0.2;107
0.2;107
0.2;107
0.1;107
0.1;107
0.1;107
0.2;107
0.2;107
0.2;107
0.2;107
0.2;107
0.1;107
0.2;107
0.2;107
0.2;107
0.2;107
0.2;107
0.2;107
0.2;107
0.2;107
26.7;106
0.1;106
0.1;106
0.1;106
0.1;106
0.1;106
0.1;106
0.1;106
0.1;106
0.1;106
0.2;106
0.1;106
0.1;106
0.1;106
0.1;106
0.2;106
0.2;106
0.1;106
0.1;106
0.1;106
0.2;106
0.1;106
0.1;106
0.1;106
0.1;106
0.1;106
0.1;106
0.1;106
0.2;106
0.1;106
0.1;106
0.1;106
0.2;106
0.2;106
0.1;106
0.2;106
0.2;106
0.2;106
0.2;106
0.1;106
0.1;106
0.1;106
0.1;106
0.1;106
0.1;106
0.2;106
0.2;106
0.1;106
0.2;106
0.2;106
0.2;106
0.2;106
0.3;106
0.2;106
0.2;106
25.3;105
0.2;105
0.1;105
0.1;105
0.2;105
0.1;105
0.1;105
0.2;105
0.4;105
0.1;105
0.1;105
0.1;105
0.1;105
0.1;105
0.1;105
0.1;105
0.2;105
0.2;105
0.2;105
0.1;105
0.1;105
0.1;105
0.1;105
0.1;105
0.1;105
0.1;105
0.1;105
0.1;105
0.2;105
0.2;105
0.2;105
0.2;105
0.2;105
0.2;105
0.2;105
0.1;105
0.1;105
0.1;105
0.1;105
0.2;105
0.2;105
0.2;105
0.2;105
0.2;105
0.2;105
0.2;105
0.2;105
0.2;105
0.2;105
0.2;105
0.2;105
0.2;105
0.1;105
0.2;105
0.2;105
29.7;104
0.1;104
0.1;104
0.1;104
0.1;104
0.1;104
0.1;104
0.1;104
0.2;104
0.1;104
0.1;104
0.2;104
0.1;104
0.1;104
0.1;104
0.1;104
0.2;104
0.2;104
0.2;104
0.1;104
0.1;104
0.1;104
0.1;104
0.1;104
0.1;104
0.1;104
0.1;104
0.1;104
0.2;104
0.1;104
0.1;104
0.1;104
0.1;104
0.1;104
0.1;104
0.1;104
0.1;104
0.1;104
0.1;104
0.2;104
0.2;104
0.2;104
0.1;104
0.1;104
0.1;104
0.1;104
0.2;104
0.2;104
0.2;104
0.2;104
0.2;104
0.2;104
0.2;104
0.2;104
0.2;104
23.7;103
0.2;103
0.2;103
0.1;103
0.1;103
0.2;103
0.1;103
0.1;103
0.1;103
0.1;103
0.2;103
0.1;103
0.1;103
0.2;103
0.2;103
0.2;103
0.1;103
0.1;103
0.1;103
0.1;103
0.1;103
0.1;103
0.1;103
0.1;103
0.2;103
0.2;103
0.2;103
0.2;103
30.9;101
1.1;102
0.1;102
0.2;102
0.2;102
0.2;102
0.2;102
0.2;102
0.2;102
0.2;102
0.2;102
0.2;102
0.2;102
0.1;102
0.1;102
0.1;102
0.1;102
0.1;102
0.2;102
0.2;102
0.1;102
0.2;102
0.2;102
0.2;102
0.2;102
0.2;102
0.2;102
18.6;101
0.1;101
0.1;101
0.1;101
0.1;101
0.1;101
0.1;101
0.1;101
0.1;101
0.2;101
0.1;101
0.1;101
0.2;101
0.1;101
0.1;101
0.2;101
0.2;101
0.3;101
0.2;101
0.1;101
0.1;101
0.2;101
0.2;101
0.2;101
0.1;101
0.1;101
0.1;101
0.1;101
0.2;101
0.2;101
0.2;101
0.1;101
0.1;101
0.1;101
0.1;101
0.1;101
0.1;101
0.2;101
0.2;101
0.2;101
0.2;101
0.1;101
0.1;101
0.1;101
0.1;101
0.1;101
0.2;101
0.2;101
0.2;101
0.2;101
0.2;101
0.2;101
0.2;101
0.2;101
0.2;101
27.2;100
0.2;100
0.1;100
0.1;100
0.1;100
0.1;100
0.1;100
0.1;100
0.1;100
0.2;100
0.1;100
0.1;100
0.1;100
0.1;100
0.1;100
0.1;100
0.2;100
0.1;100
0.1;100
0.1;100
0.2;100
0.2;100
0.2;100
0.2;100
0.2;100
0.2;100
0.1;100
0.1;100
0.1;100
0.1;100
0.2;100
0.2;100
0.2;100
0.2;100
0.2;100
0.2;100
0.2;100
0.1;100
0.1;100
0.1;100
0.2;100
0.2;100
0.2;100
0.2;100
0.2;100
0.2;100
0.1;100
0.2;100
0.2;100
0.1;100
0.2;100
0.1;100
0.2;100
0.2;100
25.1;99
0.3;99
0.2;99
0.2;99
0.2;99
0.1;99
0.1;99
0.1;99
0.1;99
0.1;99
0.1;99
0.1;99
0.2;99
0.1;99
0.1;99
0.1;99
0.2;99
0.2;99
0.1;99
0.1;99
0.1;99
0.1;99
0.1;99
0.1;99
0.1;99
0.1;99
0.2;99
0.2;99
0.2;99
0.1;99
0.1;99
0.1;99
0.1;99
0.1;99
0.1;99
0.1;99
0.1;99
0.2;99
0.2;99
0.2;99
0.2;99
0.1;99
0.1;99
0.1;99
0.1;99
0.2;99
0.2;99
0.3;99
0.3;99
0.1;99
0.1;99
0.1;99
0.1;99
0.2;99
0.1;99
0.1;99
0.1;99
0.1;99
0.1;99
0.1;99
0.2;99
0.1;99
0.1;99
0.1;99
0.1;99
0.1;99
0.2;99
0.2;99
0.1;99
0.1;99
0.1;99
0.1;99
0.1;99
0.2;99
0.2;99
0.1;99
0.2;99
0.2;99
0.2;99
0.2;99
0.2;99
0.2;99
0.2;99
0.2;99
0.1;99
0.1;99
0.2;99
0.2;99
0.2;99
0.2;99
0.3;99
0.2;99
0.2;99
0.2;99
0.2;99
0.1;99
0.2;99
0.2;99
0.2;99
0.3;99
0.2;99
0.2;99
26.4;98
0.2;98
0.1;98
0.1;98
0.1;98
0.1;98
0.1;98
0.1;98
0.1;98
0.1;98
0.2;98
0.1;98
0.1;98
0.2;98
0.2;98
0.1;98
0.1;98
0.2;98
0.2;98
0.2;98
0.1;98
0.1;98
0.1;98
0.2;98
0.2;98
0.1;98
0.2;98
0.2;98
0.1;98
0.2;98
0.1;98
0.1;98
0.1;98
0.1;98
0.1;98
0.1;98
0.2;98
0.2;98
0.2;98
0.2;98
0.2;98
0.2;98
0.2;98
0.1;98
0.1;98
0.1;98
0.2;98
0.2;98
0.2;98
0.2;98
0.2;98
0.1;98
0.2;98
0.2;98
0.2;98
24.7;97
0.1;97
0.1;97
0.1;97
0.1;97
0.1;97
0.1;97
0.1;97
0.1;97
0.1;97
0.1;97
0.1;97
0.1;97
0.2;97
0.2;97
0.2;97
0.2;97
0.1;97
0.1;97
0.2;97
0.2;97
0.2;97
0.2;97
0.2;97
0.2;97
0.2;97
0.2;97
0.2;97
0.1;97
0.1;97
0.1;97
0.1;97
0.1;97
0.1;97
0.2;97
0.2;97
0.2;97
0.2;97
34.5;95
1.3;96
0.2;96
0.2;96
0.1;96
0.2;96
0.2;96
0.2;96
0.2;96
0.2;96
0.2;96
0.2;96
0.2;96
0.2;96
0.3;96
0.2;96
0.2;96
12.5;95
0.1;95
0.1;95
0.1;95
0.1;95
0.1;95
0.1;95
0.1;95
0.1;95
0.2;95
0.1;95
0.1;95
0.1;95
0.1;95
0.1;95
0.2;95
0.1;95
0.1;95
0.1;95
0.1;95
0.3;95
0.2;95
0.1;95
0.1;95
0.2;95
0.2;95
0.2;95
0.2;95
0.1;95
0.1;95
0.2;95
0.2;95
0.2;95
0.2;95
0.2;95
0.2;95
0.2;95
0.2;95
0.2;95
0.2;95
0.2;95
0.1;95
0.1;95
0.2;95
0.2;95
0.2;95
0.1;95
0.2;95
0.2;95
0.2;95
0.2;95
0.2;95
0.1;95
0.2;95
0.2;95
25.3;94
0.2;94
0.1;94
0.1;94
0.1;94
0.1;94
0.1;94
0.1;94
0.1;94
0.2;94
0.1;94
0.1;94
0.1;94
0.1;94
0.1;94
0.1;94
0.1;94
0.2;94
0.2;94
0.1;94
0.1;94
0.1;94
0.1;94
0.1;94
0.1;94
0.1;94
0.1;94
0.1;94
0.2;94
0.2;94
0.2;94
0.2;94
0.2;94
0.2;94
0.2;94
0.2;94
0.2;94
0.2;94
0.2;94
0.2;94
0.2;94
0.1;94
0.2;94
0.1;94
0.2;94
0.2;94
0.2;94
0.2;94
0.2;94
0.2;94
0.2;94
0.2;94
0.2;94
0.2;94
0.2;94
25.1;93
0.1;93
0.1;93
0.1;93
0.1;93
0.1;93
0.1;93
0.1;93
0.1;93
0.1;93
0.1;93
0.2;93
0.1;93
0.1;93
0.1;93
0.1;93
0.1;93
0.1;93
0.1;93
0.2;93
0.2;93
0.2;93
0.2;93
0.2;93
0.1;93
0.1;93
0.1;93
0.1;93
0.1;93
0.2;93
0.2;93
0.2;93
0.2;93
0.2;93
0.2;93
0.2;93
0.3;93
0.3;93
0.2;93
0.2;93
0.2;93
0.2;93
0.2;93
0.1;93
0.2;93
0.3;93
0.2;93
0.2;93
0.2;93
0.2;93
0.2;93
0.2;93
0.2;93
0.2;93
0.2;93
20;92
0.2;92
0.1;92
0.1;92
0.2;92
0.1;92
0.1;92
0.2;92
0.1;92
0.1;92
0.2;92
0.1;92
0.1;92
0.2;92
0.1;92
0.1;92
0.1;92
0.2;92
0.2;92
0.1;92
0.2;92
0.1;92
0.1;92
0.1;92
0.1;92
0.1;92
0.2;92
0.2;92
0.2;92
0.2;92
0.2;92
0.2;92
0.2;92
0.2;92
0.2;92
0.2;92
0.2;92
0.1;92
0.1;92
0.1;92
0.2;92
0.2;92
0.2;92
0.2;92
0.2;92
0.2;92
0.2;92
0.2;92
0.2;92
0.2;92
0.2;92
0.2;92
0.2;92
0.2;92
0.2;92
25.9;91
0.2;91
0.1;91
0.1;91
0.2;91
0.1;91
0.1;91
0.1;91
0.1;91
0.2;91
0.1;91
0.1;91
0.2;91
0.2;91
0.1;91
0.1;91
0.1;91
0.2;91
0.2;91
0.2;91
0.1;91
0.1;91
0.1;91
0.1;91
0.1;91
0.1;91
0.1;91
0.2;91
0.1;91
0.1;91
0.2;91
0.2;91
0.2;91
0.2;91
0.2;91
0.2;91
0.2;91
0.2;91
0.2;91
0.2;91
0.1;91
0.1;91
0.1;91
0.1;91
0.1;91
0.1;91
0.2;91
0.2;91
0.2;91
0.2;91
0.2;91
0.2;91
0.2;91
0.2;91
0.2;91
22.4;90
0.1;90
0.1;90
0.1;90
0.1;90
0.1;90
0.1;90
0.1;90
0.2;90
0.1;90
0.2;90
0.1;90
0.1;90
0.3;90
0.1;90
0.1;90
0.1;90
0.1;90
9.3;90
1;90
0.2;90
0.1;90
0.1;90
0.1;90
0.2;90
0.2;90
0.2;90
0.2;90
0.2;90
0.2;90
0.1;90
0.1;90
0.2;90
0.2;90
0.2;90
0.2;90
0.2;90
0.2;90
0.2;90
0.1;90
0.2;90
0.2;90
0.2;90
0.2;90
0.2;90
0.2;90
0.2;90
0.2;90
0.2;90
0.2;90
0.2;90
0.2;90
0.2;90
0.2;90
20.3;89
0.3;89
0.2;89
0.2;89
0.2;89
0.1;89
0.1;89
0.1;89
0.1;89
0.1;89
0.2;89
0.1;89
0.1;89
0.3;89
0.1;89
0.1;89
0.1;89
0.2;89
0.2;89
0.2;89
0.1;89
0.1;89
0.1;89
0.1;89
0.1;89
0.1;89
0.1;89
0.1;89
0.3;89
0.2;89
0.1;89
0.1;89
0.1;89
0.1;89
0.1;89
0.1;89
0.5;89
0.2;89
0.2;89
0.3;89
0.3;89
0.2;89
0.2;89
0.1;89
0.1;89
0.1;89
0.1;89
0.1;89
0.1;89
0.2;89
0.1;89
0.1;89
0.1;89
0.1;89
0.2;89
0.1;89
0.1;89
0.1;89
0.2;89
0.1;89
0.1;89
0.1;89
0.1;89
0.1;89
0.2;89
0.1;89
0.1;89
0.2;89
0.2;89
0.1;89
0.2;89
0.1;89
0.2;89
0.2;89
0.2;89
0.2;89
0.1;89
0.1;89
0.2;89
0.2;89
0.2;89
0.2;89
0.1;89
0.2;89
0.2;89
0.2;89
0.2;89
0.2;89
0.2;89
0.3;89
0.2;89
0.2;89
0.2;89
0.2;89
31.6;88
0.1;88
0.1;88
0.1;88
0.1;88
0.1;88
0.1;88
0.2;88
0.1;88
0.1;88
0.1;88
0.1;88
0.1;88
0.2;88
0.1;88
0.1;88
0.2;88
0.2;88
0.1;88
0.1;88
0.1;88
0.1;88
0.1;88
0.2;88
0.2;88
0.2;88
0.2;88
0.2;88
0.1;88
0.1;88
0.2;88
0.2;88
0.2;88
0.2;88
0.2;88
0.2;88
0.2;88
0.2;88
0.2;88
0.2;88
0.1;88
0.1;88
0.1;88
0.2;88
0.2;88
0.2;88
0.1;88
0.2;88
0.3;88
0.2;88
0.3;88
0.2;88
0.3;88
0.2;88
0.1;88
30.4;87
0.2;87
0.1;87
0.1;87
0.1;87
0.1;87
0.1;87
0.1;87
0.1;87
0.1;87
0.1;87
0.1;87
0.1;87
0.2;87
0.1;87
0.1;87
0.1;87
0.2;87
0.1;87
0.1;87
0.1;87
0.1;87
0.1;87
0.1;87
0.1;87
0.1;87
0.1;87
0.1;87
0.1;87
0.2;87
0.2;87
0.1;87
0.1;87
0.1;87
0.1;87
0.1;87
0.1;87
0.2;87
0.2;87
0.2;87
0.2;87
0.2;87
0.1;87
0.1;87
0.1;87
0.2;87
0.2;87
0.2;87
0.2;87
0.2;87
0.2;87
0.2;87
0.2;87
0.2;87
0.2;87
33.3;86
0.1;86
0.1;86
0.1;86
0.1;86
0.2;86
0.1;86
0.1;86
0.1;86
0.1;86
0.2;86
0.1;86
0.2;86
0.2;86
0.2;86
0.1;86
0.1;86
0.1;86
0.2;86
0.2;86
0.2;86
0.1;86
0.1;86
0.1;86
0.1;86
0.1;86
0.1;86
0.1;86
0.2;86
0.2;86
0.1;86
0.1;86
0.1;86
0.1;86
0.1;86
0.2;86
0.2;86
0.2;86
0.2;86
0.2;86
0.1;86
0.2;86
0.1;86
0.1;86
0.1;86
0.2;86
0.2;86
0.2;86
0.2;86
0.2;86
0.2;86
43.1;84
1.5;85
0.2;85
8.7;84
0.2;84
0.2;84
0.2;84
0.2;84
0.1;84
0.1;84
0.1;84
0.1;84
0.1;84
0.1;84
0.1;84
0.1;84
0.1;84
0.1;84
0.2;84
0.1;84
0.1;84
0.3;84
0.2;84
0.1;84
0.1;84
0.2;84
0.2;84
0.2;84
0.2;84
0.2;84
0.1;84
0.1;84
0.1;84
0.2;84
0.2;84
0.2;84
0.2;84
0.1;84
0.1;84
0.2;84
0.1;84
0.2;84
0.2;84
0.2;84
0.2;84
0.1;84
0.1;84
0.1;84
0.2;84
0.4;84
0.3;84
0.2;84
0.1;84
0.1;84
0.1;84
0.1;84
0.1;84
0.1;84
0.1;84
0.1;84
0.1;84
0.1;84
0.2;84
0.1;84
0.1;84
0.2;84
0.1;84
0.1;84
0.1;84
0.1;84
0.2;84
0.2;84
0.1;84
0.1;84
0.1;84
0.2;84
0.2;84
0.1;84
0.1;84
0.2;84
0.1;84
0.1;84
0.1;84
0.1;84
0.1;84
0.1;84
0.1;84
0.1;84
0.1;84
0.2;84
0.2;84
0.2;84
0.1;84
0.1;84
0.1;84
0.2;84
0.2;84
0.2;84
1;84
0.2;84
0.2;84
0.1;84
0.2;84
0.1;84
0.2;84
0.1;84
0.1;84
0.2;84
0.1;84
0.1;84
0.1;84
0.1;84
0.1;84
0.3;84
0.1;84
0.1;84
0.1;84
0.2;84
0.1;84
0.1;84
0.1;84
0.2;84
0.2;84
0.2;84
0.1;84
0.1;84
0.1;84
0.2;84
0.1;84
0.1;84
0.1;84
0.2;84
0.2;84
0.2;84
0.2;84
0.2;84
0.2;84
0.2;84
0.2;84
0.2;84
0.1;84
0.1;84
0.1;84
0.1;84
0.2;84
0.2;84
0.1;84
0.2;84
0.2;84
0.2;84
0.3;84
0.2;84
0.2;84
21.1;83
0.2;83
0.1;83
0.2;83
0.1;83
0.1;83
0.1;83
0.1;83
0.1;83
0.1;83
0.1;83
0.1;83
0.1;83
0.1;83
0.1;83
0.1;83
0.2;83
0.1;83
0.1;83
0.1;83
0.2;83
0.2;83
0.2;83
0.2;83
0.2;83
0.1;83
0.1;83
0.1;83
0.1;83
0.2;83
0.1;83
0.1;83
0.1;83
0.1;83
0.1;83
0.2;83
0.2;83
0.2;83
0.2;83
0.2;83
0.2;83
0.2;83
0.2;83
0.2;83
0.2;83
0.2;83
0.1;83
0.2;83
0.2;83
0.1;83
0.2;83
0.2;83
0.2;83
0.2;83
0.2;83
18.6;82
0.2;82
0.1;82
0.1;82
0.2;82
0.1;82
0.2;82
0.1;82
0.1;82
0.1;82
0.1;82
0.2;82
0.1;82
0.1;82
0.2;82
0.1;82
0.1;82
0.2;82
0.1;82
0.1;82
0.1;82
0.1;82
0.2;82
0.2;82
0.1;82
0.1;82
0.1;82
0.1;82
0.2;82
0.1;82
0.1;82
0.2;82
0.2;82
0.2;82
0.2;82
0.2;82
0.2;82
0.2;82
0.2;82
0.2;82
0.2;82
0.2;82
0.1;82
0.1;82
0.1;82
0.2;82
0.2;82
0.2;82
0.2;82
0.3;82
0.2;82
0.2;82
0.2;82
0.2;82
0.2;82
23.7;81
0.2;81
0.1;81
0.1;81
0.1;81
0.1;81
0.2;81
0.1;81
0.2;81
54.1;79
0.9;79
0.1;79
0.1;79
0.1;79
0.1;79
0.1;79
0.1;79
0.1;79
0.1;79
0.2;79
0.2;79
0.1;79
0.1;79
0.1;79
0.2;79
0.2;79
0.2;79
0.1;79
0.1;79
0.2;79
0.1;79
0.1;79
0.1;79
0.1;79
0.2;79
0.2;79
0.2;79
0.2;79
0.2;79
0.1;79
0.1;79
0.2;79
0.2;79
0.2;79
0.2;79
0.2;79
0.2;79
0.1;79
0.2;79
0.2;79
0.2;79
0.2;79
0.2;79
0.2;79
0.2;79
17.7;78
0.1;78
0.1;78
0.1;78
0.2;78
0.1;78
0.1;78
0.1;78
0.1;78
0.1;78
0.1;78
0.2;78
0.1;78
0.2;78
0.2;78
0.1;78
0.2;78
0.1;78
0.1;78
0.1;78
0.2;78
0.2;78
0.2;78
0.2;78
0.1;78
0.1;78
0.1;78
0.2;78
0.2;78
0.1;78
0.1;78
0.2;78
0.2;78
0.2;78
0.1;78
0.2;78
0.1;78
0.1;78
0.1;78
0.2;78
0.2;78
0.2;78
0.2;78
0.2;78
0.2;78
0.2;78
0.2;78
0.2;78
0.2;78
0.2;78
0.2;78
0.2;78
0.2;78
0.2;78
0.2;78
22.3;77
0.2;77
0.2;77
0.1;77
0.1;77
0.1;77
0.1;77
0.1;77
0.1;77
0.2;77
0.1;77
0.2;77
0.1;77
0.1;77
0.3;77
0.1;77
0.1;77
0.2;77
0.2;77
0.2;77
0.2;77
0.2;77
0.1;77
0.1;77
0.1;77
0.1;77
0.1;77
0.1;77
0.2;77
0.1;77
0.1;77
0.2;77
0.2;77
0.2;77
0.2;77
0.2;77
0.2;77
0.2;77
0.2;77
0.2;77
0.1;77
0.1;77
0.1;77
0.2;77
0.2;77
0.2;77
0.2;77
0.2;77
0.2;77
0.2;77
0.2;77
0.2;77
0.2;77
0.2;77
17.1;77
21.8;76
0.2;76
0.1;76
0.1;76
0.2;76
0.1;76
0.1;76
0.1;76
0.1;76
0.1;76
0.1;76
0.1;76
0.1;76
0.1;76
0.1;76
0.1;76
0.1;76
0.2;76
0.1;76
0.1;76
0.1;76
0.1;76
0.2;76
0.2;76
0.2;76
0.1;76
0.1;76
0.1;76
0.2;76
0.1;76
0.1;76
0.2;76
0.2;76
0.1;76
0.2;76
0.2;76
0.2;76
0.1;76
0.1;76
0.2;76
0.2;76
0.2;76
0.2;76
0.2;76
0.2;76
0.3;76
0.2;76
0.1;76
0.2;76
0.3;76
0.2;76
0.2;76
0.3;76
0.2;76
0.2;76
21.7;75
0.2;75
0.1;75
0.1;75
0.2;75
0.1;75
0.1;75
0.1;75
0.1;75
0.1;75
0.2;75
0.1;75
0.1;75
0.1;75
0.1;75
0.1;75
0.1;75
0.1;75
0.1;75
0.2;75
0.2;75
0.1;75
0.1;75
0.1;75
0.1;75
0.2;75
0.1;75
0.1;75
0.1;75
0.2;75
0.2;75
0.1;75
0.1;75
0.1;75
0.1;75
0.1;75
0.1;75
0.1;75
0.2;75
0.2;75
0.2;75
0.2;75
0.2;75
0.2;75
16.3;75
1.5;75
0.2;75
0.2;75
0.2;75
0.2;75
0.2;75
0.2;75
0.2;75
0.2;75
0.2;75
7.9;74
0.2;74
0.1;74
0.1;74
0.1;74
0.1;74
0.1;74
0.1;74
0.1;74
0.1;74
0.2;74
0.1;74
0.1;74
0.1;74
0.1;74
0.1;74
0.2;74
0.2;74
0.1;74
0.1;74
0.2;74
0.1;74
0.1;74
0.2;74
0.1;74
0.2;74
0.1;74
0.1;74
0.1;74
0.1;74
0.2;74
0.2;74
0.2;74
0.2;74
0.1;74
0.1;74
0.2;74
0.2;74
0.2;74
0.2;74
0.2;74
0.2;74
0.1;74
0.1;74
0.2;74
0.2;74
0.1;74
0.2;74
0.2;74
0.2;74
0.2;74
0.2;74
0.2;74
0.2;74
0.2;74
23.1;73
0.2;73
0.1;73
0.1;73
0.3;73
0.1;73
0.1;73
0.1;73
0.1;73
0.1;73
0.1;73
0.1;73
0.2;73
0.1;73
0.1;73
0.1;73
0.1;73
0.1;73
0.1;73
0.2;73
0.2;73
0.1;73
0.1;73
0.1;73
0.2;73
0.2;73
0.1;73
0.1;73
0.1;73
0.2;73
0.1;73
0.1;73
0.2;73
0.2;73
0.2;73
0.2;73
0.2;73
0.2;73
0.2;73
0.1;73
0.1;73
0.1;73
0.1;73
0.2;73
0.1;73
0.2;73
0.2;73
0.1;73
0.2;73
0.2;73
0.2;73
0.2;73
0.2;73
0.2;73
0.3;73
19.3;72
0.1;72
0.1;72
0.1;72
0.2;72
0.1;72
0.2;72
0.1;72
0.1;72
0.1;72
0.1;72
0.1;72
0.1;72
0.2;72
0.3;72
0.1;72
0.1;72
0.2;72
0.2;72
0.2;72
0.1;72
0.1;72
0.1;72
0.1;72
0.2;72
0.2;72
0.1;72
0.1;72
0.1;72
0.2;72
0.1;72
0.1;72
0.1;72
0.1;72
0.1;72
0.2;72
0.2;72
0.2;72
0.2;72
0.2;72
0.1;72
0.1;72
0.1;72
0.1;72
0.1;72
0.2;72
0.2;72
0.2;72
0.2;72
0.2;72
0.2;72
0.2;72
0.3;72
0.2;72
0.2;72
23.9;71
0.2;71
0;71
0.1;71
0.1;71
0.1;71
0.1;71
0.1;71
0.2;71
0.1;71
0.1;71
0.1;71
0.1;71
0.2;71
0.2;71
0.2;71
0.1;71
0.1;71
0.2;71
0.2;71
0.2;71
0.1;71
0.1;71
0.2;71
0.2;71
0.2;71
0.2;71
0.1;71
0.1;71
0.1;71
0.2;71
0.2;71
0.2;71
0.2;71
0.2;71
0.2;71
0.2;71
0.2;71
0.2;71
0.2;71
0.1;71
0.2;71
0.2;71
0.2;71
0.2;71
0.2;71
0.2;71
0.2;71
0.3;71
0.2;71
0.2;71
0.2;71
0.2;71
0.2;71
0.2;71
20;70
0.1;70
0.1;70
0.2;70
0.1;70
0.1;70
0.1;70
0.2;70
4.7;70
0.8;70
0.1;70
0.1;70
0.1;70
0.1;70
0.1;70
0.2;70
0.1;70
0.1;70
0.1;70
0.1;70
0.2;70
0.2;70
0.2;70
0.2;70
0.1;70
0.1;70
0.1;70
0.1;70
0.2;70
0.2;70
0.2;70
0.2;70
0.2;70
0.1;70
0.1;70
0.1;70
0.1;70
0.1;70
0.1;70
0.2;70
0.2;70
0.2;70
0.2;70
0.2;70
0.2;70
0.2;70
0.2;70
0.1;70
0.2;70
0.2;70
0.2;70
0.2;70
0.2;70
0.2;70
0.2;70
17.5;69
0.1;69
0.1;69
0.1;69
0.1;69
0.1;69
0.1;69
0.1;69
0.1;69
0.1;69
0.1;69
0.1;69
0.1;69
0.2;69
0.2;69
0.2;69
0.1;69
0.1;69
0.2;69
0.2;69
0.2;69
0.2;69
0.1;69
0.1;69
0.2;69
0.2;69
0.1;69
0.1;69
0.1;69
0.2;69
0.1;69
0.1;69
0.1;69
0.2;69
0.2;69
0.2;69
0.2;69
0.2;69
0.2;69
0.2;69
0.2;69
0.2;69
0.1;69
0.2;69
0.2;69
0.2;69
0.1;69
0.2;69
0.2;69
0.2;69
0.2;69
0.2;69
0.2;69
0.2;69
0.2;69
21.3;68
0.1;68
0.1;68
0.1;68
0.1;68
0.2;68
0.1;68
0.1;68
0.2;68
0.1;68
0.2;68
0.1;68
0.1;68
0.3;68
0.1;68
0.2;68
0.1;68
0.1;68
0.1;68
0.1;68
0.2;68
0.2;68
0.1;68
0.1;68
0.1;68
0.1;68
0.2;68
0.2;68
0.2;68
0.2;68
0.1;68
0.2;68
0.2;68
0.2;68
0.2;68
0.2;68
0.2;68
0.2;68
0.2;68
0.2;68
0.2;68
0.2;68
0.2;68
0.2;68
0.2;68
0.2;68
0.2;68
0.2;68
0.2;68
0.2;68
0.2;68
0.2;68
0.2;68
0.1;68
0.2;68
21.4;67
0.1;67
0;67
0.1;67
0.2;67
0.1;67
0.1;67
0.1;67
0.1;67
0.2;67
0.2;67
0.1;67
0.1;67
0.2;67
0.1;67
0.1;67
0.2;67
0.1;67
0.1;67
0.2;67
0.2;67
0.2;67
0.2;67
0.1;67
0.1;67
0.1;67
0.1;67
0.2;67
0.2;67
0.1;67
0.1;67
0.2;67
0.2;67
0.2;67
0.2;67
0.2;67
0.1;67
0.8;67
0.3;67
0.1;67
0.2;67
0.2;67
0.1;67
0.1;67
0.1;67
0.1;67
0.2;67
0.1;67
0.1;67
0.1;67
0.2;67
0.1;67
0.1;67
0.2;67
0.1;67
0.1;67
0.2;67
0.1;67
0.1;67
0.1;67
0.1;67
0.2;67
0.2;67
0.1;67
0.1;67
0.2;67
0.1;67
0.1;67
28;66
1.1;67
0.1;67
0.1;67
0.1;67
0.1;67
0.1;67
0.1;67
0.1;67
0.2;67
0.2;67
0.1;67
0.2;67
0.2;67
0.2;67
0.2;67
0.2;67
0.2;67
0.2;67
0.2;67
0.2;67
0.3;67
0.2;67
0.2;67
12.3;66
0.1;66
0.1;66
0.1;66
0.1;66
0.1;66
0.1;66
0.2;66
0.1;66
0.2;66
0.1;66
0.1;66
0.1;66
0.1;66
0.2;66
0.2;66
0.1;66
0.1;66
0.2;66
0.2;66
0.1;66
0.1;66
0.2;66
0.2;66
0.1;66
0.1;66
0.2;66
0.1;66
0.1;66
0.1;66
0.1;66
0.2;66
0.2;66
0.2;66
0.1;66
0.1;66
0.1;66
0.1;66
0.1;66
0.1;66
0.2;66
0.2;66
0.2;66
0.2;66
0.2;66
0.2;66
0.1;66
0.2;66
0.2;66
0.2;66
0.2;66
0.2;66
0.3;66
0.2;66
0.2;66
18;65
0.2;65
0.1;65
0.1;65
0.1;65
0.1;65
0.1;65
0.1;65
0.1;65
0.1;65
0.1;65
0.1;65
0.1;65
0.1;65
0.1;65
0.1;65
0.2;65
0.1;65
0.1;65
0.1;65
0.1;65
0.1;65
0.1;65
0.2;65
0.2;65
0.2;65
0.2;65
0.1;65
0.1;65
0.2;65
0.1;65
0.1;65
0.1;65
0.1;65
0.1;65
0.1;65
0.1;65
0.1;65
0.1;65
0.1;65
0.1;65
0.2;65
0.1;65
0.2;65
0.2;65
0.2;65
0.2;65
0.2;65
0.2;65
0.2;65
0.2;65
0.2;65
0.2;65
0.2;65
0.2;65
21.8;64
0.2;64
0.1;64
0.1;64
0.2;64
0.1;64
0.1;64
0.1;64
0.1;64
0.1;64
0.1;64
0.2;64
0.1;64
0.2;64
0.2;64
0.1;64
0.1;64
0.1;64
0.2;64
0.1;64
0.1;64
0.1;64
0.2;64
0.2;64
0.2;64
0.1;64
0.2;64
0.1;64
0.1;64
0.2;64
0.1;64
0.1;64
0.1;64
0.1;64
0.1;64
0.1;64
0.1;64
0.1;64
0.1;64
0.2;64
0.2;64
0.2;64
0.2;64
0.1;64
0.1;64
0.2;64
0.2;64
0.2;64
0.2;64
0.2;64
0.2;64
0.2;64
0.2;64
0.2;64
0.2;64
21.1;63
0.1;63
0.1;63
0.1;63
0.2;63
0.2;63
0.1;63
0.1;63
0.1;63
0.1;63
0.2;63
0.1;63
0.1;63
0.1;63
0.1;63
0.1;63
0.2;63
0.2;63
0.1;63
0.1;63
0.5;63
9.5;62
1;63
0.1;63
0.1;63
0.1;63
0.1;63
0.2;63
0.2;63
0.1;63
0.1;63
0.2;63
0.2;63
0.2;63
0.2;63
0.2;63
0.2;63
0.2;63
0.2;63
0.1;63
0.1;63
0.2;63
0.2;63
0.3;63
0.2;63
0.2;63
0.2;63
0.2;63
0.2;63
0.2;63
0.2;63
0.2;63
0.2;63
0.2;63
0.3;63
14.9;62
0.1;62
0.1;62
0.1;62
0.1;62
0.1;62
0.1;62
0.1;62
0.2;62
0.1;62
0.1;62
0.1;62
0.1;62
0.2;62
0.1;62
0.1;62
0.1;62
0.2;62
0.1;62
0.1;62
0.1;62
0.1;62
0.2;62
0.2;62
0.1;62
0.1;62
0.1;62
0.2;62
0.2;62
0.1;62
0.1;62
0.2;62
0.2;62
0.2;62
0.2;62
0.2;62
0.2;62
0.2;62
0.2;62
0.2;62
0.2;62
0.1;62
0.1;62
0.1;62
0.1;62
0.2;62
0.2;62
0.1;62
0.2;62
0.2;62
0.2;62
0.3;62
0.2;62
0.2;62
0.2;62
21.5;61
0.2;61
0.1;61
0.1;61
0.1;61
0.1;61
0.1;61
0.1;61
0.2;61
0.1;61
0.1;61
0.1;61
0.1;61
0.1;61
0.1;61
0.1;61
0.1;61
0.1;61
0.2;61
0.1;61
0.1;61
0.1;61
0.1;61
0.1;61
0.1;61
0.2;61
0.2;61
0.1;61
0.1;61
0.2;61
0.2;61
0.1;61
0.2;61
0.1;61
0.1;61
0.1;61
0.1;61
0.1;61
0.1;61
0.1;61
0.2;61
0.2;61
0.2;61
0.2;61
0.2;61
0.2;61
0.2;61
0.2;61
0.2;61
0.2;61
0.2;61
0.2;61
0.2;61
0.2;61
0.2;61
23.3;60
0.1;60
0.1;60
0.1;60
0.1;60
0.1;60
0.1;60
0.1;60
0.1;60
0.1;60
0.1;60
0.1;60
0.1;60
0.1;60
0.2;60
0.1;60
0.1;60
0.1;60
0.2;60
0.1;60
0.1;60
0.1;60
0.1;60
0.2;60
0.2;60
0.2;60
0.1;60
0.1;60
0.2;60
0.1;60
0.1;60
0.2;60
0.2;60
0.2;60
0.2;60
0.2;60
0.2;60
0.2;60
0.2;60
0.2;60
0.3;60
0.2;60
0.2;60
0.2;60
0.2;60
0.2;60
0.2;60
0.2;60
0.2;60
0.2;60
0.2;60
0.2;60
0.2;60
17.4;59
1.5;60
5.9;59
0.1;59
0.1;59
0.1;59
0.1;59
0.1;59
0.1;59
0.1;59
0.1;59
0.1;59
0.1;59
0.2;59
0.1;59
0.2;59
0.2;59
0.1;59
0.1;59
0.2;59
0.1;59
0.1;59
0.1;59
0.1;59
0.1;59
0.2;59
0.2;59
0.1;59
0.1;59
0.1;59
0.2;59
0.1;59
0.1;59
0.1;59
0.1;59
0.1;59
0.1;59
0.1;59
0.1;59
0.1;59
0.1;59
0.1;59
0.2;59
0.2;59
0.2;59
0.1;59
0.1;59
0.2;59
0.2;59
0.2;59
0.2;59
0.2;59
0.3;59
0.2;59
0.2;59
0.2;59
0.2;59
22.6;58
0.2;58
0.1;58
0.1;58
0.1;58
0.1;58
0.1;58
0.1;58
0.1;58
0.1;58
0.1;58
0.1;58
0.1;58
0.1;58
0.1;58
0.2;58
0.1;58
0.1;58
0.2;58
0.2;58
0.2;58
0.2;58
0.1;58
0.1;58
0.1;58
0.1;58
0.1;58
0.1;58
0.2;58
0.1;58
0.2;58
0.2;58
0.2;58
0.2;58
0.1;58
0.3;58
0.1;58
0.2;58
0.2;58
0.2;58
0.3;58
0.2;58
0.2;58
0.2;58
0.2;58
0.2;58
0.1;58
0.2;58
0.2;58
0.2;58
0.2;58
0.2;58
0.2;58
0.2;58
0.2;58
19;57
0.1;57
0.1;57
0.1;57
0.2;57
0.1;57
0.1;57
0.1;57
0.2;57
0.1;57
0.2;57
0.1;57
0.2;57
0.1;57
0.2;57
0.2;57
0.2;57
0.1;57
0.2;57
0.2;57
0.2;57
0.1;57
0.1;57
0.1;57
0.2;57
0.2;57
0.1;57
0.1;57
0.1;57
0.2;57
0.1;57
0.1;57
0.1;57
0.1;57
0.1;57
0.1;57
0.2;57
0.2;57
0.1;57
0.1;57
0.2;57
0.2;57
0.2;57
0.2;57
0.2;57
0.2;57
0.2;57
0.2;57
0.2;57
0.2;57
0.2;57
0.2;57
0.2;57
0.2;57
0.2;57
22.3;56
0.2;56
0.1;56
0.1;56
0.1;56
0.1;56
0.1;56
0.1;56
0.1;56
0.1;56
0.1;56
0.1;56
0.1;56
0.1;56
0.1;56
0.1;56
0.1;56
0.1;56
8.1;55
1;56
0.2;56
0.1;56
0.2;56
0.1;56
0.1;56
0.1;56
0.2;56
0.2;56
0.1;56
0.1;56
0.1;56
0.1;56
0.1;56
0.1;56
0.1;56
0.1;56
0.1;56
0.1;56
0.1;56
0.2;56
0.2;56
0.2;56
0.2;56
0.2;56
0.2;56
0.2;56
0.2;56
0.2;56
0.2;56
0.2;56
0.2;56
0.2;56
0.2;56
0.2;56
0.2;56
18.2;55
0.1;55
0;55
0.1;55
0.2;55
0.1;55
0.1;55
0.1;55
0.1;55
0.1;55
0.1;55
0.1;55
0.1;55
0.2;55
0.2;55
0.1;55
0.1;55
0.1;55
0.2;55
0.1;55
0.1;55
0.1;55
0.1;55
0.2;55
0.2;55
0.2;55
0.2;55
0.2;55
0.1;55
0.1;55
0.1;55
0.2;55
0.2;55
0.2;55
0.2;55
0.2;55
0.2;55
0.1;55
0.1;55
0.1;55
0.1;55
0.2;55
0.2;55
0.2;55
0.2;55
0.2;55
0.2;55
0.2;55
0.2;55
0.2;55
0.2;55
0.2;55
0.2;55
0.2;55
0.2;55
20;53
0.1;53
0.1;53
0.1;53
0.1;53
0.1;53
0.1;53
0.1;53
0.1;53
0.1;53
0.1;53
0.1;53
0.1;53
0.1;53
0.1;53
0.1;53
0.2;53
0.1;53
0.1;53
0.1;53
0.1;53
0.2;53
0.2;53
0.2;53
0.1;53
0.1;53
0.1;53
0.2;53
0.1;53
0.2;53
0.1;53
0.1;53
0.1;53
0.1;53
0.1;53
0.1;53
0.1;53
0.1;53
0.1;53
0.2;53
0.2;53
0.2;53
0.1;53
0.2;53
0.2;53
0.2;53
0.2;53
0.2;53
0.2;53
0.2;53
0.2;53
0.2;53
0.2;53
0.2;53
0.2;53
19.7;52
0.2;52
0.1;52
0.2;52
0.1;52
0.1;52
0.1;52
0.1;52
0.1;52
0.1;52
0.1;52
0.2;52
0.1;52
0.2;52
0.2;52
0.1;52
0.1;52
0.1;52
0.2;52
0.1;52
0.1;52
0.1;52
0.1;52
0.2;52
0.1;52
0.2;52
12;52
1.1;52
0.1;52
0.1;52
0.2;52
0.2;52
0.2;52
0.2;52
0.2;52
0.2;52
0.2;52
0.2;52
0.2;52
0.1;52
0.1;52
0.1;52
0.2;52
0.2;52
0.2;52
0.2;52
0.2;52
0.2;52
0.2;52
0.2;52
0.2;52
0.2;52
0.2;52
0.2;52
0.3;52
16.2;51
0.1;51
0;51
0.1;51
0.1;51
0.1;51
0.1;51
0.1;51
0.1;51
0.1;51
0.1;51
0.1;51
0.2;51
0.1;51
0.1;51
0.2;51
0.1;51
0.1;51
0.2;51
0.2;51
0.2;51
0.2;51
0.1;51
0.1;51
0.1;51
0.1;51
0.1;51
0.1;51
0.2;51
0.2;51
0.1;51
0.1;51
0.1;51
0.2;51
0.2;51
0.2;51
0.2;51
0.7;51
0.3;51
0.2;51
0.1;51
0.2;51
0.1;51
0.1;51
0.1;51
0.1;51
0.2;51
0.1;51
0.1;51
0.1;51
0.1;51
0.2;51
0.1;51
0.1;51
0.1;51
0.2;51
0.1;51
0.1;51
0.1;51
0.2;51
0.2;51
0.2;51
0.2;51
0.1;51
0.1;51
0.1;51
0.1;51
0.1;51
0.1;51
0.1;51
0.2;51
0.2;51
0.2;51
0.2;51
0.1;51
0.2;51
0.2;51
0.2;51
0.2;51
0.1;51
0.1;51
0.1;51
0.2;51
0.2;51
0.1;51
0.2;51
0.2;51
0.2;51
0.2;51
0.2;51
0.2;51
0.2;51
24.2;50
0.2;50
0.1;50
0.1;50
0.1;50
0.1;50
0.1;50
0.1;50
0.1;50
0.1;50
0.1;50
0.1;50
0.1;50
0.1;50
0.1;50
0.1;50
0.1;50
0.2;50
0.2;50
0.1;50
0.1;50
0.2;50
0.2;50
0.1;50
0.1;50
0.1;50
0.1;50
0.1;50
0.2;50
0.1;50
0.1;50
0.1;50
0.1;50
0.1;50
0.1;50
0.1;50
0.1;50
0.1;50
0.2;50
0.2;50
0.2;50
0.1;50
26.5;49
1.3;50
0.2;50
0.2;50
0.2;50
0.2;50
0.2;50
0.2;50
0.3;50
0.2;50
0.2;50
0.2;50
0.2;50
9.4;49
0.1;49
0.1;49
0;49
0.1;49
0.1;49
0.1;49
0.1;49
0.1;49
0.1;49
0.1;49
0.1;49
0.2;49
0.1;49
0.1;49
0.2;49
0.1;49
0.1;49
0.1;49
0.1;49
0.1;49
0.1;49
0.2;49
0.2;49
0.2;49
0.2;49
0.1;49
0.1;49
0.2;49
0.1;49
0.1;49
0.1;49
0.1;49
0.1;49
0.1;49
0.2;49
0.2;49
0.1;49
0.1;49
0.1;49
0.3;49
0.2;49
0.1;49
0.1;49
0.2;49
0.2;49
0.2;49
0.2;49
0.2;49
0.2;49
0.3;49
0.2;49
0.2;49
0.3;49
0.2;49
20.3;48
0.2;48
0.1;48
0.1;48
0.2;48
0.1;48
0.1;48
0.1;48
0.2;48
0.1;48
0.1;48
0.1;48
0.1;48
0.2;48
0.1;48
0.1;48
0.1;48
0.2;48
0.2;48
0.2;48
0.1;48
0.1;48
0.2;48
0.2;48
0.1;48
0.1;48
0.1;48
0.2;48
0.2;48
0.1;48
0.1;48
0.1;48
0.2;48
0.2;48
0.2;48
0.2;48
0.2;48
0.2;48
0.2;48
0.2;48
0.2;48
0.2;48
0.1;48
0.2;48
0.2;48
0.2;48
0.2;48
0.2;48
0.3;48
0.2;48
0.2;48
0.2;48
0.2;48
0.3;48
0.2;48
21;47
0.1;47
0.1;47
0.1;47
0.1;47
0.1;47
0.1;47
0.2;47
0.1;47
0.2;47
0.1;47
0.1;47
0.1;47
0.1;47
0.2;47
0.1;47
0.1;47
0.1;47
0.2;47
0.2;47
0.2;47
0.2;47
0.1;47
0.1;47
0.1;47
0.1;47
0.2;47
0.1;47
0.1;47
12.2;46
1.2;47
0.2;47
0.2;47
0.2;47
0.2;47
0.1;47
0.2;47
0.1;47
0.1;47
0.2;47
0.2;47
0.2;47
0.1;47
0.1;47
0.1;47
0.2;47
0.2;47
0.2;47
0.2;47
0.2;47
0.2;47
0.2;47
0.2;47
0.2;47
0.2;47
13.6;46
0.1;46
0.1;46
0.1;46
0.1;46
0.1;46
0.2;46
0.1;46
0.1;46
0.1;46
0.1;46
0.2;46
0.1;46
0.1;46
0.2;46
0.1;46
0.1;46
0.2;46
0.2;46
0.2;46
0.2;46
0.2;46
0.1;46
0.1;46
0.1;46
0.1;46
0.1;46
0.1;46
0.2;46
0.1;46
0.1;46
0.2;46
0.2;46
0.2;46
0.2;46
0.2;46
0.2;46
0.2;46
0.1;46
0.2;46
0.2;46
0.2;46
0.2;46
0.2;46
0.2;46
0.2;46
0.2;46
0.2;46
0.3;46
0.2;46
0.2;46
0.2;46
0.2;46
0.2;46
0.2;46
18.7;45
0.1;45
0.1;45
0.1;45
0.2;45
0.1;45
0.1;45
0.1;45
0.1;45
0.1;45
0.1;45
0.2;45
0.1;45
0.2;45
0.1;45
0.1;45
0.1;45
0.2;45
0.2;45
0.2;45
0.1;45
0.1;45
0.1;45
0.2;45
0.2;45
0.2;45
0.2;45
0.1;45
0.1;45
0.2;45
0.1;45
0.1;45
0.1;45
0.1;45
0.2;45
0.2;45
0.2;45
0.2;45
0.2;45
0.2;45
0.2;45
0.2;45
0.2;45
0.1;45
0.1;45
0.2;45
0.2;45
0.2;45
0.2;45
0.2;45
0.2;45
0.2;45
0.2;45
0.2;45
0.2;45
23.7;44
0.2;44
0.1;44
0.1;44
0.2;44
0.1;44
0.1;44
3.4;44
0.8;44
0.1;44
0.1;44
0.1;44
0.1;44
0.1;44
0.1;44
0.1;44
0.1;44
0.1;44
0.1;44
0.2;44
0.2;44
0.1;44
0.1;44
0.1;44
0.2;44
0.2;44
0.2;44
0.1;44
0.1;44
0.2;44
0.1;44
0.1;44
0.1;44
0.1;44
0.1;44
0.1;44
0.1;44
0.2;44
0.2;44
0.2;44
0.2;44
0.2;44
0.2;44
0.2;44
0.2;44
0.2;44
0.2;44
0.2;44
0.2;44
0.2;44
0.2;44
0.3;44
0.2;44
0.2;44
0.2;44
16.8;43
0.1;43
0.1;43
0.1;43
0.1;43
0.1;43
0.1;43
0.1;43
0.1;43
0.1;43
0.2;43
0.1;43
0.1;43
0.1;43
0.1;43
0.1;43
0.2;43
0.1;43
0.1;43
0.1;43
0.1;43
0.2;43
0.2;43
0.2;43
0.2;43
0.2;43
0.1;43
0.1;43
0.1;43
0.2;43
0.1;43
0.1;43
0.1;43
0.1;43
0.1;43
0.1;43
0.1;43
0.1;43
0.2;43
0.2;43
0.2;43
0.2;43
0.2;43
0.1;43
0.1;43
0.2;43
0.2;43
0.2;43
0.2;43
0.2;43
0.3;43
0.2;43
0.3;43
0.2;43
0.2;43
23.5;42
0.2;42
0.1;42
0.1;42
0.2;42
0.1;42
0.1;42
0.1;42
0.1;42
0.1;42
0.1;42
0.1;42
0.1;42
0.1;42
0.2;42
0.1;42
0.1;42
0.1;42
0.2;42
0.2;42
0.1;42
0.1;42
0.1;42
0.1;42
0.1;42
0.2;42
0.2;42
0.2;42
0.1;42
0.1;42
0.1;42
13.7;41
1.2;42
0.2;42
0.1;42
0.1;42
0.1;42
0.1;42
0.2;42
0.2;42
0.2;42
0.2;42
0.1;42
0.2;42
0.2;42
0.6;42
0.2;42
0.2;42
0.2;42
0.2;42
0.2;42
0.2;42
0.2;42
0.2;42
0.2;42
11.5;41
0.1;41
0.1;41
0.1;41
0.1;41
0.1;41
0.1;41
0.1;41
0.1;41
0.1;41
0.1;41
0.1;41
0.1;41
0.1;41
0.2;41
0.2;41
0.1;41
0.1;41
0.1;41
0.2;41
0.2;41
0.2;41
0.2;41
0.1;41
0.1;41
0.1;41
0.1;41
0.2;41
0.2;41
0.1;41
0.1;41
0.1;41
0.1;41
0.1;41
0.2;41
0.2;41
0.1;41
0.1;41
0.2;41
0.2;41
0.2;41
0.1;41
0.2;41
0.2;41
0.2;41
0.2;41
0.2;41
0.2;41
0.2;41
0.2;41
0.2;41
0.2;41
0.2;41
0.2;41
0.2;41
23;40
0.2;40
0.1;40
0.1;40
0.1;40
0.1;40
0.1;40
0.1;40
0.1;40
0.1;40
0.1;40
0.2;40
0.1;40
0.1;40
0.2;40
0.1;40
0.1;40
0.2;40
0.2;40
0.2;40
0.1;40
0.1;40
0.1;40
0.1;40
0.1;40
0.1;40
0.2;40
0.1;40
0.1;40
0.1;40
0.2;40
0.2;40
0.2;40
0.2;40
0.2;40
0.2;40
0.2;40
0.2;40
0.2;40
0.1;40
0.2;40
0.2;40
0.2;40
0.1;40
0.1;40
0.2;40
0.3;40
15.6;39
1.4;40
0.2;40
0.2;40
0.3;40
0.2;40
0.2;40
0.2;40
7.8;39
0.1;39
0.1;39
0.2;39
0.1;39
0.1;39
0.1;39
0.1;39
0.1;39
0.1;39
0.1;39
0.1;39
0.1;39
0.1;39
0.1;39
0.2;39
0.2;39
0.1;39
0.1;39
0.1;39
0.2;39
0.2;39
0.2;39
0.2;39
0.1;39
0.1;39
0.2;39
0.1;39
0.1;39
0.2;39
0.2;39
0.2;39
0.2;39
0.2;39
0.2;39
0.1;39
0.1;39
0.2;39
0.2;39
0.2;39
0.2;39
0.1;39
0.2;39
0.2;39
0.2;39
0.2;39
0.2;39
0.2;39
0.2;39
0.2;39
0.2;39
0.2;39
0.3;39
0.2;39
0.2;39
22.7;38
0.1;38
0.1;38
0.1;38
0.1;38
0.1;38
0.1;38
0.2;38
0.1;38
0.2;38
0.1;38
0.1;38
0.1;38
0.1;38
0.2;38
0.2;38
0.1;38
0.1;38
0.1;38
0.1;38
0.1;38
0.2;38
0.2;38
0.2;38
0.2;38
0.1;38
0.1;38
0.2;38
0.1;38
0.1;38
0.1;38
0.2;38
0.2;38
0.2;38
0.2;38
0.2;38
0.2;38
0.2;38
0.2;38
0.1;38
0.2;38
0.2;38
0.2;38
0.2;38
0.2;38
0.2;38
0.2;38
0.2;38
0.3;38
0.2;38
0.3;38
0.2;38
0.3;38
0.2;38
0.2;38
19.5;37
1.6;37
0.8;37
0.2;37
0.1;37
0.1;37
0.1;37
0.1;37
0.2;37
0.1;37
0.1;37
0.1;37
0.1;37
0.2;37
0.1;37
0.1;37
0.2;37
0.2;37
0.1;37
0.1;37
0.2;37
0.2;37
0.1;37
0.2;37
0.2;37
0.2;37
0.2;37
0.1;37
0.1;37
0.1;37
0.1;37
0.1;37
0.1;37
0.2;37
0.2;37
0.2;37
0.1;37
0.1;37
0.2;37
0.2;37
0.2;37
0.2;37
0.1;37
0.2;37
0.2;37
0.2;37
0.1;37
0.2;37
0.2;37
0.2;37
0.3;37
0.2;37
0.2;37
0.2;37
0.2;37
23.2;36
0.1;36
0.1;36
0.1;36
0.1;36
0.1;36
0.1;36
0.1;36
0.1;36
0.1;36
0.1;36
0.1;36
0.1;36
0.1;36
0.2;36
0.1;36
0.1;36
0.2;36
0.2;36
0.1;36
0.1;36
0.1;36
0.2;36
0.2;36
0.2;36
0.1;36
0.1;36
0.1;36
0.2;36
0.2;36
0.2;36
0.1;36
0.1;36
0.2;36
0.2;36
0.2;36
0.2;36
0.7;36
0.3;36
0.1;36
0.2;36
0.2;36
0.1;36
0.1;36
0.1;36
0.1;36
0.1;36
0.1;36
0.1;36
0.1;36
0.1;36
0.2;36
0.1;36
0.1;36
0.2;36
0.1;36
19.5;35
0.9;35
0.2;35
0.1;35
0.1;35
0.1;35
0.1;35
0.1;35
0.1;35
0.1;35
0.1;35
0.1;35
0.2;35
0.2;35
0.2;35
0.1;35
0.2;35
0.2;35
0.1;35
0.2;35
0.2;35
0.2;35
0.2;35
0.1;35
0.1;35
0.1;35
0.2;35
0.2;35
0.2;35
0.3;35
0.2;35
0.2;35
0.3;35
0.2;35
0.2;35
0.2;35
17.1;34
0.1;34
0.1;34
0.1;34
0.1;34
0.1;34
0.1;34
0.1;34
0.1;34
0.1;34
0.1;34
0.1;34
0.1;34
0.2;34
0.1;34
0.1;34
0.2;34
0.1;34
0.1;34
0.2;34
0.2;34
0.2;34
0.1;34
0.1;34
0.1;34
0.1;34
0.2;34
0.2;34
0.1;34
0.1;34
0.2;34
0.2;34
0.2;34
0.2;34
0.2;34
0.2;34
0.2;34
0.2;34
0.2;34
0.2;34
0.2;34
0.2;34
0.2;34
0.1;34
0.1;34
0.2;34
0.2;34
0.2;34
0.2;34
0.2;34
0.3;34
0.2;34
0.3;34
0.2;34
0.2;34
19.2;33
0.1;33
0.1;33
0.1;33
0.1;33
0.1;33
0.1;33
0.1;33
0.1;33
0.1;33
0.1;33
0.1;33
6.3;33
0.9;33
0.2;33
0.1;33
0.1;33
0.1;33
0.1;33
0.2;33
0.2;33
0.2;33
0.2;33
0.2;33
0.2;33
0.2;33
0.2;33
0.2;33
0.1;33
0.1;33
0.1;33
0.1;33
0.1;33
0.1;33
0.1;33
0.1;33
0.2;33
0.2;33
0.1;33
0.2;33
0.2;33
0.2;33
0.2;33
0.2;33
0.2;33
0.2;33
0.2;33
0.2;33
0.3;33
0.2;33
0.2;33
0.3;33
0.2;33
0.2;33
0.2;33
20.4;32
0.2;32
0.1;32
0.1;32
0.1;32
0.1;32
0.1;32
0.1;32
0.1;32
0.1;32
0.1;32
0.2;32
0.1;32
0.2;32
0.2;32
0.1;32
0.2;32
0.2;32
0.1;32
0.1;32
0.1;32
0.1;32
0.1;32
0.2;32
0.2;32
0.2;32
0.2;32
0.1;32
0.1;32
0.1;32
0.1;32
0.1;32
0.1;32
0.1;32
0.1;32
0.1;32
0.2;32
0.2;32
0.3;32
0.2;32
0.2;32
0.2;32
0.2;32
0.2;32
0.1;32
0.2;32
0.2;32
0.2;32
0.3;32
0.2;32
0.2;32
0.3;32
0.2;32
0.2;32
20.5;31
6.4;31
0.1;31
0.1;31
0.1;31
0.1;31
0.2;31
0.1;31
0.1;31
0.1;31
0.1;31
0.1;31
0.1;31
0.1;31
0.1;31
0.1;31
0.2;31
0.2;31
0.1;31
0.1;31
0.1;31
0.2;31
0.2;31
0.1;31
0.1;31
0.1;31
0.1;31
0.2;31
0.1;31
0.1;31
0.1;31
0.2;31
0.1;31
0.2;31
0.2;31
0.2;31
0.2;31
0.2;31
0.2;31
0.2;31
0.2;31
0.1;31
0.2;31
0.2;31
0.2;31
0.1;31
0.2;31
0.2;31
0.2;31
0.2;31
0.2;31
0.3;31
0.2;31
0.2;31
0.2;31
0.2;31
20.9;30
0.2;30
0.1;30
0.1;30
0.1;30
0.1;30
0.1;30
0.1;30
0.1;30
0.2;30
0.1;30
0.1;30
0.1;30
0.1;30
0.1;30
0.2;30
0.1;30
0.1;30
0.1;30
0.2;30
0.2;30
0.1;30
0.1;30
0.1;30
0.1;30
0.2;30
0.2;30
0.2;30
0.1;30
0.1;30
0.2;30
0.2;30
0.1;30
0.1;30
0.1;30
11.8;29
1.2;30
0.2;30
0.2;30
0.2;30
0.1;30
0.2;30
0.2;30
0.1;30
0.2;30
0.2;30
0.2;30
0.2;30
0.3;30
0.2;30
0.2;30
0.2;30
0.2;30
0.3;30
0.2;30
12.1;29
0;29
0.1;29
0.1;29
0.1;29
0.1;29
0.2;29
0.1;29
0.1;29
0.1;29
0.2;29
0.1;29
0.2;29
0.1;29
0.1;29
0.2;29
0.1;29
0.1;29
0.1;29
0.2;29
0.1;29
0.2;29
0.1;29
0.2;29
0.2;29
0.2;29
0.1;29
0.1;29
0.2;29
0.1;29
0.1;29
0.2;29
0.2;29
0.2;29
0.2;29
0.2;29
0.2;29
0.2;29
0.2;29
0.2;29
0.2;29
0.2;29
0.2;29
0.1;29
0.2;29
0.2;29
0.2;29
0.2;29
0.2;29
0.2;29
0.2;29
0.2;29
0.2;29
0.3;29
0.2;29
21.9;28
0.1;28
0.1;28
0.1;28
0.2;28
0.1;28
0.1;28
0.1;28
0.2;28
0.1;28
4.9;28
0.9;28
0.1;28
0.2;28
0.1;28
0.1;28
0.1;28
0.2;28
0.5;28
0.2;28
0.2;28
0.2;28
0.2;28
0.2;28
0.2;28
0.2;28
0.1;28
0.1;28
0.1;28
0.1;28
0.2;28
0.1;28
0.1;28
0.1;28
0.1;28
0.1;28
0.1;28
0.2;28
0.1;28
0.2;28
0.2;28
0.2;28
0.2;28
0.2;28
0.2;28
0.2;28
0.2;28
0.2;28
0.2;28
0.2;28
0.2;28
0.2;28
0.3;28
0.2;28
0.3;28
14.8;27
0.2;27
0.1;27
0.1;27
0.1;27
0.1;27
0.1;27
0.1;27
0.1;27
0.1;27
0.2;27
0.1;27
0.1;27
0.1;27
0.1;27
0.1;27
0.1;27
0.2;27
0.2;27
0.2;27
0.2;27
0.1;27
0.1;27
0.1;27
0.1;27
0.2;27
0.2;27
0.1;27
0.1;27
0.1;27
0.2;27
0.2;27
0.2;27
0.2;27
0.2;27
13.8;26
1.2;27
0.1;27
0.2;27
0.1;27
0.2;27
0.3;27
0.2;27
0.2;27
0.2;27
0.2;27
0.2;27
0.2;27
0.2;27
0.2;27
0.2;27
0.2;27
0.2;27
0.2;27
0.2;27
13.2;26
0.1;26
0.1;26
0;26
0.1;26
0.1;26
0.1;26
0.1;26
0.1;26
0.1;26
0.2;26
0.1;26
0.1;26
0.1;26
0.1;26
0.2;26
0.1;26
0.1;26
0.1;26
0.2;26
0.2;26
0.1;26
0.1;26
0.1;26
0.1;26
0.1;26
0.1;26
0.2;26
0.2;26
0.1;26
0.1;26
0.1;26
0.2;26
0.2;26
0.2;26
0.2;26
0.2;26
0.2;26
0.2;26
0.2;26
0.2;26
0.2;26
0.2;26
0.2;26
0.2;26
0.2;26
0.2;26
0.2;26
0.2;26
0.2;26
0.2;26
0.3;26
0.2;26
0.2;26
0.2;26
21;25
1.3;25
0.7;25
0.1;25
0.1;25
0.1;25
0.1;25
0.1;25
0.1;25
0.1;25
0.2;25
0.1;25
0.1;25
0.1;25
0.2;25
0.2;25
0.2;25
0.1;25
0.2;25
0.2;25
0.2;25
0.2;25
0.2;25
0.1;25
0.1;25
0.1;25
0.1;25
0.2;25
0.1;25
0.1;25
0.1;25
0.1;25
0.1;25
0.1;25
0.1;25
0.1;25
0.1;25
0.1;25
0.2;25
0.2;25
0.2;25
0.1;25
0.2;25
0.2;25
0.1;25
0.2;25
0.2;25
0.2;25
0.3;25
0.2;25
0.2;25
0.2;25
0.2;25
0.2;25
0.2;25
19.9;24
0.1;24
0.2;24
0.1;24
0.1;24
0.1;24
0.1;24
0.1;24
0.1;24
0.1;24
0.1;24
0.1;24
0.1;24
0.2;24
0.1;24
0.1;24
7.6;24
0.9;24
0.1;24
0.1;24
0.1;24
0.1;24
0.2;24
0.2;24
0.2;24
0.2;24
0.2;24
0.1;24
0.1;24
0.1;24
0.2;24
0.2;24
0.2;24
0.2;24
0.2;24
0.2;24
0.2;24
0.2;24
0.2;24
0.1;24
0.2;24
0.2;24
0.1;24
0.2;24
0.2;24
0.2;24
0.2;24
0.2;24
0.2;24
0.2;24
0.3;24
0.2;24
0.2;24
0.2;24
0.2;24
16;23
0.1;23
0.2;23
0.1;23
0.1;23
0.1;23
0.2;23
0.1;23
0.1;23
0.1;23
0.1;23
0.1;23
0.1;23
0.2;23
0.1;23
0.1;23
0.1;23
0.2;23
0.1;23
0.1;23
0.1;23
0.1;23
0.1;23
0.2;23
0.2;23
0.2;23
0.1;23
10.6;22
1.1;23
0.1;23
0.1;23
0.2;23
0.2;23
0.1;23
0.1;23
0.1;23
0.1;23
0.1;23
0.2;23
0.2;23
0.2;23
0.3;23
0.1;23
0.2;23
0.2;23
0.3;23
0.2;23
0.2;23
0.2;23
0.2;23
0.2;23
0.3;23
0.2;23
0.2;23
0.3;23
15.2;22
0;22
0.2;22
0.1;22
0.1;22
0.1;22
0.1;22
0.2;22
0.1;22
0.1;22
0.1;22
0.1;22
0.1;22
0.1;22
0.2;22
0.1;22
0.2;22
0.2;22
0.2;22
0.2;22
0.1;22
0.1;22
0.1;22
0.2;22
0.2;22
0.1;22
0.1;22
0.2;22
0.1;22
0.1;22
0.3;22
0.2;22
0.2;22
0.2;22
11.7;21
1.1;22
0.2;22
0.2;22
0.2;22
0.2;22
0.2;22
0.2;22
0.1;22
0.2;22
0.2;22
0.2;22
0.2;22
0.2;22
0.2;22
0.3;22
0.2;22
0.2;22
0.3;22
0.3;22
0.2;22
12.7;21
0.2;21
0.1;21
0.2;21
0.1;21
0.1;21
0.1;21
0.1;21
0.1;21
0.2;21
0.1;21
0.1;21
0.1;21
0.1;21
0.2;21
0.2;21
0.1;21
0.1;21
0.2;21
0.2;21
0.1;21
0.1;21
0.1;21
0.2;21
0.2;21
0.2;21
0.1;21
0.1;21
0.1;21
0.2;21
0.1;21
0.1;21
0.2;21
0.2;21
0.2;21
0.2;21
0.2;21
13.9;20
1.2;21
0.2;21
0.2;21
0.2;21
0.2;21
0.1;21
0.2;21
0.2;21
0.2;21
0.2;21
0.2;21
0.2;21
0.2;21
0.2;21
0.3;21
0.2;21
0.2;21
12.5;20
0.1;20
0.1;20
0.2;20
0.1;20
0.1;20
0.1;20
0.1;20
0.1;20
0.1;20
0.1;20
0.1;20
0.1;20
0.1;20
0.2;20
0.1;20
0.2;20
0.2;20
0.2;20
0.1;20
0.2;20
0.1;20
0.1;20
0.1;20
0.2;20
0.2;20
0.1;20
0.1;20
0.2;20
0.1;20
0.1;20
0.2;20
0.2;20
0.2;20
0.2;20
0.2;20
13;19
1.7;20
0.3;20
0.2;20
0.1;20
0.1;20
0.2;20
0.1;20
0.1;20
0.2;20
0.1;20
0.1;20
0.1;20
0.1;20
0.1;20
0.1;20
0.2;20
0.1;20
0.1;20
0.1;20
0.1;20
0.1;20
0.2;20
0.2;20
0.2;20
0.1;20
0.1;20
0.1;20
0.1;20
0.1;20
0.1;20
0.2;20
0.1;20
0.1;20
0.1;20
0.1;20
0.1;20
0.1;20
0.2;20
0.2;20
0.2;20
0.2;20
0.2;20
0.2;20
0.2;20
0.2;20
0.3;20
0.2;20
0.2;20
0.3;20
0.2;20
22.6;18
1.5;19
0.3;19
0.2;19
0.2;19
6.2;18
0.1;18
0.1;18
0.1;18
0.1;18
0.2;18
0.1;18
0.1;18
0.1;18
0.1;18
0.1;18
0.1;18
0.2;18
0.1;18
0.2;18
0.1;18
0.1;18
0.1;18
0.1;18
0.1;18
0.1;18
0.1;18
0.2;18
0.2;18
0.1;18
0.1;18
0.2;18
0.2;18
0.2;18
0.1;18
0.1;18
0.2;18
0.2;18
0.2;18
0.2;18
0.2;18
0.2;18
0.2;18
0.2;18
0.2;18
0.1;18
0.2;18
0.2;18
15;17
1.3;18
0.2;18
0.2;18
0.2;18
0.2;18
0.3;18
0.3;18
0.2;18
0.2;18
0.2;18
0.3;18
8.4;17
0.1;17
0.1;17
0.1;17
0.1;17
0.1;17
0.1;17
0.1;17
0.1;17
0.1;17
0.1;17
0.1;17
0.1;17
0.1;17
0.1;17
0.2;17
0.1;17
0.1;17
0.2;17
0.2;17
0.2;17
0.2;17
0.2;17
0.2;17
0.2;17
0.2;17
0.1;17
0.1;17
0.1;17
0.2;17
0.1;17
0.1;17
0.1;17
11;17
1.2;17
0.2;17
0.2;17
0.1;17
0.2;17
0.1;17
0.2;17
0.3;17
0.2;17
0.2;17
0.2;17
0.2;17
0.2;17
0.2;17
0.3;17
0.6;17
0.2;17
0.2;17
0.3;17
0.2;17
0.2;17
12.2;16
0.1;16
0.2;16
0.1;16
0.2;16
0.1;16
0.1;16
0.1;16
0.1;16
0.1;16
0.1;16
0.1;16
0.1;16
0.1;16
0.1;16
0.2;16
0.2;16
0.1;16
0.1;16
0.1;16
10.4;16
0.9;16
0.2;16
0.2;16
0.1;16
0.1;16
0.1;16
0.2;16
0.1;16
0.1;16
0.1;16
0.2;16
0.2;16
0.2;16
0.2;16
0.2;16
0.2;16
0.2;16
0.2;16
0.1;16
0.2;16
0.2;16
0.2;16
0.2;16
0.1;16
0.2;16
0.2;16
0.2;16
0.2;16
0.2;16
0.2;16
0.3;16
0.2;16
0.2;16
0.3;16
14.5;15
0.1;15
0.1;15
0.1;15
2.9;15
0.8;15
0.1;15
0.2;15
0.1;15
0.1;15
0.1;15
0.1;15
0.2;15
0.1;15
0.1;15
0.1;15
0.2;15
0.2;15
0.1;15
0.1;15
0.1;15
0.1;15
0.1;15
0.1;15
0.1;15
0.2;15
0.2;15
0.1;15
0.1;15
0.2;15
0.1;15
0.1;15
0.1;15
0.1;15
0.1;15
0.1;15
0.1;15
0.1;15
0.2;15
0.2;15
0.2;15
14.2;14
1.3;15
0.2;15
0.2;15
0.2;15
0.2;15
0.3;15
0.2;15
0.2;15
0.3;15
0.3;15
0.2;15
0.2;15
0.2;15
11.2;14
0.1;14
0;14
0.1;14
0.1;14
0.1;14
0.1;14
0.1;14
0.2;14
0.1;14
0.1;14
0.1;14
0.2;14
0.1;14
0.1;14
0.3;14
0.1;14
0.1;14
0.2;14
0.1;14
8.8;14
0.9;14
0.1;14
0.1;14
0.1;14
0.1;14
0.1;14
0.2;14
0.1;14
0.1;14
0.2;14
0.3;14
0.1;14
0.1;14
0.1;14
0.1;14
0.2;14
0.2;14
0.2;14
0.2;14
0.2;14
0.3;14
0.2;14
0.2;14
0.1;14
0.2;14
0.2;14
0.2;14
0.2;14
0.3;14
0.2;14
0.2;14
14;13
1.4;14
0.2;14
6.4;13
0.1;13
0;13
0.1;13
0.1;13
0.1;13
0.1;13
0.1;13
0.1;13
0.1;13
0.2;13
0.1;13
0.2;13
0.1;13
0.1;13
0.2;13
0.1;13
0.1;13
0.1;13
0.2;13
0.2;13
0.2;13
0.2;13
0.2;13
0.1;13
0.1;13
0.1;13
11.5;13
1;13
0.2;13
0.1;13
0.1;13
0.1;13
0.1;13
0.1;13
0.1;13
0.1;13
0.1;13
0.1;13
0.2;13
0.2;13
0.1;13
0.2;13
0.2;13
0.1;13
0.3;13
0.2;13
0.2;13
0.2;13
0.2;13
0.3;13
0.2;13
0.2;13
0.3;13
0.2;13
16.5;12
0.9;12
0.7;12
0.1;12
0.1;12
0.1;12
0.2;12
0.1;12
0.1;12
0.1;12
0.1;12
0.1;12
0.1;12
0.1;12
0.1;12
0.2;12
0.2;12
0.1;12
0.1;12
0.1;12
0.1;12
0.1;12
0.2;12
0.1;12
0.1;12
0.1;12
0.1;12
0.2;12
12;12
1;12
0.1;12
0.1;12
0.1;12
0.1;12
0.1;12
0.1;12
0.1;12
0.1;12
0.2;12
0.2;12
0.2;12
0.1;12
0.2;12
0.2;12
0.1;12
0.2;12
0.2;12
0.2;12
0.2;12
0.2;12
0.4;12
0.2;12
0.2;12
12;11
1.4;12
5.5;11
0.1;11
0.1;11
2.2;11
0.1;11
0.1;11
0.1;11
0.1;11
0.1;11
0.1;11
0.2;11
0.1;11
0.1;11
0.1;11
0.1;11
0.2;11
0.2;11
0.1;11
0.2;11
0.2;11
0.2;11
8.1;11
1;11
0.2;11
0.2;11
0.2;11
0.2;11
0.1;11
0.1;11
0.1;11
0.1;11
0.2;11
0.2;11
0.2;11
0.2;11
0.2;11
0.2;11
0.2;11
0.2;11
0.2;11
0.2;11
0.2;11
0.2;11
12.6;10
1.1;11
0.2;11
0.2;11
0.2;11
0.2;11
0.2;11
0.2;11
0.3;11
0.2;11
0.2;11
0.2;11
10.2;10
0;10
0.1;10
0.1;10
0.1;10
0.1;10
0.2;10
0.1;10
0.1;10
4.8;10
0.7;10
0.1;10
0.2;10
0.1;10
0.1;10
0.1;10
0.2;10
0.2;10
0.1;10
0.1;10
0.1;10
0.1;10
0.1;10
0.1;10
0.2;10
0.2;10
0.2;10
0.1;10
9.5;10
1;10
0.1;10
0.1;10
0.1;10
0.2;10
0.1;10
0.1;10
0.1;10
0.1;10
0.2;10
0.1;10
0.2;10
0.2;10
0.2;10
0.2;10
0.2;10
0.2;10
10;9
1.3;10
0.2;10
0.2;10
0.3;10
0.2;10
0.2;10
0.2;10
0.2;10
6.9;9
0.1;9
0.1;9
0.1;9
0.1;9
0.1;9
0.1;9
0.1;9
4.4;9
0.8;9
0.1;9
0.1;9
0.2;9
0.1;9
0.1;9
0.2;9
0.1;9
0.1;9
0.2;9
0.2;9
0.2;9
0.1;9
0.1;9
0.1;9
6.9;9
1;9
0.1;9
0.1;9
0.1;9
0.2;9
0.1;9
0.1;9
0.1;9
0.1;9
0.1;9
0.1;9
0.1;9
0.2;9
0.2;9
8;8
1.1;9
0.2;9
0.2;9
0.2;9
0.1;9
0.2;9
0.2;9
0.2;9
0.3;9
0.2;9
0.2;9
0.2;9
0.3;9
9.1;8
1.3;9
7.1;8
0;8
0.1;8
0.1;8
0.1;8
0.1;8
0.1;8
0.2;8
0.1;8
0.1;8
0.1;8
5.6;8
0.8;8
0.1;8
0.1;8
0.2;8
0.2;8
0.7;8